MSB.taxon,Birdlife.taxon,BirdTree.taxon,hostphylogeny.taxon
Aburria aburri,Aburria aburri,Aburria aburri,Aburria aburri
,Accipiter bicolor,Accipiter bicolor,Accipiter bicolor
,Accipiter collaris,Accipiter collaris,Accipiter collaris
,Accipiter poliogaster,Accipiter poliogaster,Accipiter poliogaster
Accipiter striatus,Accipiter striatus,Accipiter striatus,Accipiter striatus
Accipiter superciliosus,Accipiter superciliosus,Accipiter superciliosus,Accipiter superciliosus
,Actitis macularius,Actitis macularius,Actitis macularius
Adelomyia melanogenys,Adelomyia melanogenys,Adelomyia melanogenys,Adelomyia melanogenys
Aegolius harrisii,Aegolius harrisii,Aegolius harrisii,Aegolius harrisii
,Aeronautes andecolus,Aeronautes andecolus,Aeronautes andecolus
,Aeronautes montivagus,Aeronautes montivagus,Aeronautes montivagus
,Agamia agami,Agamia agami,Agamia agami
Aglaeactis castelnaudii,Aglaeactis castelnaudii,Aglaeactis castelnaudii,Aglaeactis castelnaudii
Aglaeactis cupripennis,Aglaeactis cupripennis,Aglaeactis cupripennis,Aglaeactis cupripennis
Aglaiocercus kingii,Aglaiocercus kingii,Aglaiocercus kingi,Aglaiocercus kingi
Agriornis albicauda,Agriornis albicauda,Agriornis albicauda,Agriornis albicauda
Agriornis montanus,Agriornis montanus,Agriornis montanus,Agriornis montanus
Rhynchospiza stolzmanni,Rhynchospiza stolzmanni,Aimophila stolzmanni,Aimophila stolzmanni
,Amaurolimnas concolor,Amaurolimnas concolor,Amaurolimnas concolor
Amazilia chionogaster,Amazilia chionogaster,Amazilia chionogaster,Amazilia chionogaster
,Amazilia fimbriata,Amazilia fimbriata,Amazilia fimbriata
Amazilia franciae,Amazilia franciae,Amazilia franciae,Amazilia franciae
Amazilia lactea,Amazilia bartletti,Amazilia lactea,Amazilia lactea
Amazilia viridicauda,Amazilia viridicauda,Amazilia viridicauda,Amazilia viridicauda
,Amazona amazonica,Amazona amazonica,Amazona amazonica
,Amazona farinosa,Amazona farinosa,Amazona farinosa
Amazona mercenarius,Amazona mercenarius,Amazona mercenaria,Amazona mercenaria
,Amazona ochrocephala,Amazona ochrocephala,Amazona ochrocephala
Amblycercus holosericeus,Amblycercus holosericeus,Amblycercus holosericeus,Amblycercus holosericeus
Ammodramus aurifrons,Ammodramus aurifrons,Ammodramus aurifrons,Ammodramus aurifrons
Ampelioides tschudii,Ampelioides tschudii,Ampelioides tschudii,Ampelioides tschudii
Ampelion rubrocristatus,Ampelion rubrocristatus,Ampelion rubrocristatus,Ampelion rubrocristatus
,Ampelion rufaxilla,Ampelion rufaxilla,Ampelion rufaxilla
Anabacerthia striaticollis,Anabacerthia striaticollis,Anabacerthia striaticollis,Anabacerthia striaticollis
Anabazenops dorsalis,Anabazenops dorsalis,Anabazenops dorsalis,Anabazenops dorsalis
Uromyias agraphia,Uromyias agraphia,Anairetes agraphia,Anairetes agraphia
Anairetes flavirostris,Anairetes flavirostris,Anairetes flavirostris,Anairetes flavirostris
Anairetes parulus,Anairetes parulus,Anairetes parulus,Anairetes parulus
Anairetes reguloides,Anairetes reguloides,Anairetes reguloides,Anairetes reguloides
,Anas bahamensis,Anas bahamensis,Anas bahamensis
,Spatula cyanoptera,Anas cyanoptera,Anas cyanoptera
,Anas flavirostris,Anas flavirostris,Anas flavirostris
,Anas georgica,Anas georgica,Anas georgica
,Spatula platalea,Anas platalea,Anas platalea
,Spatula puna,Anas puna,Anas puna
Ancistrops strigilatus,Ancistrops strigilatus,Ancistrops strigilatus,Ancistrops strigilatus
Andigena hypoglauca,Andigena hypoglauca,Andigena hypoglauca,Andigena hypoglauca
,Anhima cornuta,Anhima cornuta,Anhima cornuta
,Anhinga anhinga,Anhinga anhinga,Anhinga anhinga
Anisognathus igniventris,Anisognathus lunulatus,Anisognathus igniventris,Anisognathus igniventris
Anisognathus lacrymosus,Anisognathus lacrymosus,Anisognathus lacrymosus,Anisognathus lacrymosus
Anisognathus somptuosus,Anisognathus somptuosus,Anisognathus somptuosus,Anisognathus somptuosus
Anthracothorax nigricollis,Anthracothorax nigricollis,Anthracothorax nigricollis,Anthracothorax nigricollis
,Anthus bogotensis,Anthus bogotensis,Anthus bogotensis
,Anthus correndera,Anthus correndera,Anthus correndera
,Anthus furcatus,Anthus furcatus,Anthus furcatus
,Anthus peruvianus,Anthus lutescens,Anthus lutescens
,Rufirallus castaneiceps,Anurolimnas castaneiceps,Anurolimnas castaneiceps
,Porzana fasciata,Anurolimnas fasciatus,Anurolimnas fasciatus
,Rufirallus viridis,Anurolimnas viridis,Anurolimnas viridis
,Ara ararauna,Ara ararauna,Ara ararauna
,Ara chloropterus,Ara chloropterus,Ara chloropterus
,Ara macao,Ara macao,Ara macao
,Ara militaris,Ara militaris,Ara militaris
,Ara severus,Ara severus,Ara severus
,Aramides cajaneus,Aramides cajanea,Aramides cajanea
,Aramus guarauna,Aramus guarauna,Aramus guarauna
Psittacara erythrogenys,Psittacara erythrogenys,Aratinga erythrogenys,Aratinga erythrogenys
Psittacara leucophthalmus,Psittacara leucophthalmus,Aratinga leucophthalma,Aratinga leucophthalma
Psittacara mitratus,Psittacara mitratus,Aratinga mitrata,Aratinga mitrata
,Psittacara frontatus,Aratinga wagleri,Aratinga wagleri
,Aratinga weddellii,Aratinga weddellii,Aratinga weddellii
,Ardea cocoi,Ardea cocoi,Ardea cocoi
,Arremon abeillei,Arremon abeillei,Arremon abeillei
Arremon aurantiirostris,Arremon aurantiirostris,Arremon aurantiirostris,Arremon aurantiirostris
Arremon brunneinucha,Arremon brunneinucha,Arremon brunneinucha,Arremon brunneinucha
Arremon taciturnus,Arremon taciturnus,Arremon taciturnus,Arremon taciturnus
Arremon assimilis,Arremon assimilis,Arremon torquatus,Arremon torquatus
,Asio flammeus,Asio flammeus,Asio flammeus
Asio stygius,Asio stygius,Asio stygius,Asio stygius
,Cranioleuca berlepschi,Asthenes berlepschi,Asthenes berlepschi
Asthenes flammulata,Asthenes flammulata,Asthenes flammulata,Asthenes flammulata
Asthenes humilis,Asthenes humilis,Asthenes humilis,Asthenes humilis
,Asthenes modesta,Asthenes modesta,Asthenes modesta
Asthenes ottonis,Asthenes ottonis,Asthenes ottonis,Asthenes ottonis
Asthenes pudibunda,Asthenes pudibunda,Asthenes pudibunda,Asthenes pudibunda
,Asthenes urubambensis,Asthenes urubambensis,Asthenes urubambensis
Asthenes virgata,Asthenes virgata,Asthenes virgata,Asthenes virgata
,Asthenes wyatti,Asthenes wyatti,Asthenes wyatti
Athene cunicularia,Athene cunicularia,Athene cunicularia,Athene cunicularia
Atlapetes canigenis,Atlapetes canigenis,Atlapetes canigenis,Atlapetes canigenis
Atlapetes forbesi,Atlapetes forbesi,Atlapetes forbesi,Atlapetes forbesi
Atlapetes latinuchus,Atlapetes latinuchus,Atlapetes latinuchus,Atlapetes latinuchus
Atlapetes melanolaemus,Atlapetes melanolaemus,Atlapetes melanolaemus,Atlapetes melanolaemus
Atlapetes nationi,Atlapetes nationi,Atlapetes nationi,Atlapetes nationi
Atlapetes schistaceus,Atlapetes taczanowskii,Atlapetes schistaceus,Atlapetes schistaceus
Atlapetes seebohmi,Atlapetes seebohmi,Atlapetes seebohmi,Atlapetes seebohmi
,Atlapetes tricolor,Atlapetes tricolor,Atlapetes tricolor
,Atticora fasciata,Atticora fasciata,Atticora fasciata
,Attila bolivianus,Attila bolivianus,Attila bolivianus
,Attila cinnamomeus,Attila cinnamomeus,Attila cinnamomeus
,Attila citriniventris,Attila citriniventris,Attila citriniventris
Attila spadiceus,Attila spadiceus,Attila spadiceus,Attila spadiceus
Aulacorhynchus prasinus,Aulacorhynchus atrogularis,Aulacorhynchus prasinus,Aulacorhynchus atrogularis
Aulacorhynchus coeruleicinctis,Aulacorhynchus coeruleicinctis,Aulacorhynchus coeruleicinctis,Aulacorhynchus coeruleicinctis
,Aulacorhynchus cyanolaemus,Aulacorhynchus prasinus,Aulacorhynchus cyanolaemus
Aulacorhynchus derbianus,Aulacorhynchus derbianus,Aulacorhynchus derbianus,Aulacorhynchus derbianus
,Automolus infuscatus,Automolus infuscatus,Automolus infuscatus
,Automolus melanopezus,Automolus melanopezus,Automolus melanopezus
Automolus ochrolaemus,Automolus ochrolaemus,Automolus ochrolaemus,Automolus ochrolaemus
Clibanornis rubiginosus,Clibanornis rubiginosus,Automolus rubiginosus,Automolus rubiginosus
,Automolus rufipileatus,Automolus rufipileatus,Automolus rufipileatus
,Bartramia longicauda,Bartramia longicauda,Bartramia longicauda
Baryphthengus martii,Baryphthengus martii,Baryphthengus martii,Baryphthengus martii
Myiothlypis coronata,Myiothlypis coronata,Basileuterus coronatus,Basileuterus coronatus
Basileuterus luteoviridis,Myiothlypis striaticeps,Basileuterus luteoviridis,Basileuterus luteoviridis
Myiothlypis luteoviridis,Myiothlypis striaticeps,Basileuterus luteoviridis,Basileuterus luteoviridis
Myiothlypis nigrocristata,Myiothlypis nigrocristata,Basileuterus nigrocristatus,Basileuterus nigrocristatus
Basileuterus trifasciatus,Basileuterus trifasciatus,Basileuterus trifasciatus,Basileuterus trifasciatus
Basileuterus tristriatus,Basileuterus tristriatus,Basileuterus tristriatus,Basileuterus tristriatus
,Berlepschia rikeri,Berlepschia rikeri,Berlepschia rikeri
Boissonneaua matthewsii,Boissonneaua matthewsii,Boissonneaua matthewsii,Boissonneaua matthewsii
Bolborhynchus lineola,Bolborhynchus lineola,Bolborhynchus lineola,Bolborhynchus lineola
Bolborhynchus orbygnesius,Bolborhynchus orbygnesius,Bolborhynchus orbygnesius,Bolborhynchus orbygnesius
,Brachygalba albogularis,Brachygalba albogularis,Brachygalba albogularis
Brotogeris cyanoptera,Brotogeris cyanoptera,Brotogeris cyanoptera,Brotogeris cyanoptera
,Brotogeris sanctithomae,Brotogeris sanctithomae,Brotogeris sanctithomae
,Bubo magellanicus,Bubo magellanicus,Bubo magellanicus
,Bubo virginianus,Bubo virginianus,Bubo virginianus
,Bubulcus ibis,Bubulcus ibis,Bubulcus ibis
,Bucco capensis,Bucco capensis,Bucco capensis
Bucco macrodactylus,Cyphos macrodactylus,Bucco macrodactylus,Bucco macrodactylus
,Busarellus nigricollis,Busarellus nigricollis,Busarellus nigricollis
,Buteo albigula,Buteo albigula,Buteo albigula
,Buteo albonotatus,Buteo albonotatus,Buteo albonotatus
,Buteo brachyurus,Buteo brachyurus,Buteo brachyurus
,Parabuteo leucorrhous,Buteo leucorrhous,Buteo leucorrhous
,Rupornis magnirostris,Buteo magnirostris,Buteo magnirostris
,Buteo nitidus,Buteo nitidus,Buteo nitidus
,Buteo platypterus,Buteo platypterus,Buteo platypterus
,Geranoaetus polyosoma,Buteo polyosoma,Buteo polyosoma
,Buteo swainsoni,Buteo swainsoni,Buteo swainsoni
,Buteogallus meridionalis,Buteogallus meridionalis,Buteogallus meridionalis
,Buteogallus urubitinga,Buteogallus urubitinga,Buteogallus urubitinga
,Cnemathraupis aureodorsalis,Buthraupis aureodorsalis,Buthraupis aureodorsalis
Buthraupis montana,Buthraupis montana,Buthraupis montana,Buthraupis montana
,Butorides striata,Butorides striata,Butorides striata
Cacicus cela,Cacicus cela,Cacicus cela,Cacicus cela
Cacicus chrysonotus,Cacicus chrysonotus,Cacicus chrysonotus,Cacicus chrysonotus
,Cacicus haemorrhous,Cacicus haemorrhous,Cacicus haemorrhous
,Cacicus leucoramphus,Cacicus leucoramphus,Cacicus leucoramphus
Cacicus solitarius,Cacicus solitarius,Cacicus solitarius,Cacicus solitarius
,Cacicus uropygialis,Cacicus uropygialis,Cacicus uropygialis
,Cairina moschata,Cairina moschata,Cairina moschata
,Calidris bairdii,Calidris bairdii,Calidris bairdii
,Calidris fuscicollis,Calidris fuscicollis,Calidris fuscicollis
,Calidris himantopus,Calidris himantopus,Calidris himantopus
,Calidris melanotos,Calidris melanotos,Calidris melanotos
,Calidris minutilla,Calidris minutilla,Calidris minutilla
,Calidris pusilla,Calidris pusilla,Calidris pusilla
Calliphlox amethystina,Calliphlox amethystina,Calliphlox amethystina,Calliphlox amethystina
,Calochaetes coccineus,Calochaetes coccineus,Calochaetes coccineus
,Campephilus gayaquilensis,Campephilus gayaquilensis,Campephilus gayaquilensis
Campephilus haematogaster,Campephilus haematogaster,Campephilus haematogaster,Campephilus haematogaster
,Campephilus melanoleucos,Campephilus melanoleucos,Campephilus melanoleucos
,Campephilus pollens,Campephilus pollens,Campephilus pollens
Campephilus rubricollis,Campephilus rubricollis,Campephilus rubricollis,Campephilus rubricollis
Camptostoma obsoletum,Camptostoma obsoletum,Camptostoma obsoletum,Camptostoma obsoletum
Campylopterus largipennis,Campylopterus largipennis,Campylopterus largipennis,Campylopterus largipennis
,Drymotoxeres pucheranii,Campylorhamphus pucherani,Campylorhamphus pucherani
Campylorhamphus pusillus,Campylorhamphus pusillus,Campylorhamphus pusillus,Campylorhamphus pusillus
Campylorhamphus trochilirostris,Campylorhamphus trochilirostris,Campylorhamphus trochilirostris,Campylorhamphus trochilirostris
Campylorhynchus fasciatus,Campylorhynchus fasciatus,Campylorhynchus fasciatus,Campylorhynchus fasciatus
,Campylorhynchus turdinus,Campylorhynchus turdinus,Campylorhynchus turdinus
Capito auratus,Capito auratus,Capito auratus,Capito auratus
,Nyctidromus anthonyi,Caprimulgus anthonyi,Caprimulgus anthonyi
,Hydropsalis maculicaudus,Caprimulgus maculicaudus,Caprimulgus maculicaudus
Caprimulgus nigrescens,Nyctipolus nigrescens,Caprimulgus nigrescens,Caprimulgus nigrescens
,Antrostomus sericocaudatus,Caprimulgus sericocaudatus,Caprimulgus sericocaudatus
,Caracara cheriway,Caracara cheriway,Caracara cheriway
Spinus atratus,Spinus atratus,Carduelis atrata,Carduelis atrata
Spinus magellanicus,Spinus magellanicus,Carduelis magellanica,Carduelis magellanica
,Spinus olivaceus,Carduelis olivacea,Carduelis olivacea
,Spinus psaltria,Carduelis psaltria,Carduelis psaltria
Casiornis rufus,Casiornis rufus,Casiornis rufus,Casiornis rufus
,Ardea alba,Casmerodius albus,Casmerodius albus
Catamblyrhynchus diadema,Catamblyrhynchus diadema,Catamblyrhynchus diadema,Catamblyrhynchus diadema
Catamenia analis,Catamenia analis,Catamenia analis,Catamenia analis
Catamenia homochroa,Catamenia homochroa,Catamenia homochroa,Catamenia homochroa
Catamenia inornata,Catamenia inornata,Catamenia inornata,Catamenia inornata
,Cathartes aura,Cathartes aura,Cathartes aura
,Cathartes melambrotus,Cathartes melambrotus,Cathartes melambrotus
Catharus dryas,Catharus dryas,Catharus dryas,Catharus dryas
Catharus fuscater,Catharus fuscater,Catharus fuscater,Catharus fuscater
,Catharus fuscescens,Catharus fuscescens,Catharus fuscescens
,Catharus minimus,Catharus minimus,Catharus minimus
,Catharus swainsoni,Catharus ustulatus,Catharus ustulatus
Celeus elegans,Celeus elegans,Celeus elegans,Celeus elegans
,Celeus flavus,Celeus flavus,Celeus flavus
,Celeus grammicus,Celeus grammicus,Celeus grammicus
,Celeus spectabilis,Celeus spectabilis,Celeus spectabilis
,Celeus occidentalis,Celeus torquatus,Celeus torquatus
,Cephalopterus ornatus,Cephalopterus ornatus,Cephalopterus ornatus
Cercomacra cinerascens,Cercomacra cinerascens,Cercomacra cinerascens,Cercomacra cinerascens
,Cercomacra manu,Cercomacra manu,Cercomacra manu
Cercomacroides serva,Cercomacroides serva,Cercomacra serva,Cercomacra serva
Myiothlypis bivittata,,Basileuterus bivittatus,Basileuterus bivittatus
,Systellura decussata,Caprimulgus longirostris,Systellura decussata
Chaetocercus bombus,Chaetocercus bombus,Chaetocercus bombus,Chaetocercus bombus
Chaetocercus mulsant,Chaetocercus mulsant,Chaetocercus mulsant,Chaetocercus mulsant
,Chaetura brachyura,Chaetura brachyura,Chaetura brachyura
,Chaetura chapmani,Chaetura chapmani,Chaetura chapmani
,Chaetura cinereiventris,Chaetura cinereiventris,Chaetura cinereiventris
Chaetura egregia,Chaetura egregia,Chaetura egregia,Chaetura egregia
,Chaetura meridionalis,Chaetura meridionalis,Chaetura meridionalis
,Chaetura pelagica,Chaetura pelagica,Chaetura pelagica
,Chalcostigma olivaceum,Chalcostigma olivaceum,Chalcostigma olivaceum
Chalcostigma ruficeps,Chalcostigma ruficeps,Chalcostigma ruficeps,Chalcostigma ruficeps
Chalcostigma stanleyi,Chalcostigma stanleyi,Chalcostigma stanleyi,Chalcostigma stanleyi
,Chamaepetes goudotii,Chamaepetes goudotii,Chamaepetes goudotii
Chamaeza campanisona,Chamaeza campanisona,Chamaeza campanisona,Chamaeza campanisona
,Chamaeza mollissima,Chamaeza mollissima,Chamaeza mollissima
,Chamaeza nobilis,Chamaeza nobilis,Chamaeza nobilis
,Charadrius alticola,Charadrius alticola,Charadrius alticola
,Charadrius collaris,Charadrius collaris,Charadrius collaris
,Charadrius vociferus,Charadrius vociferus,Charadrius vociferus
,Chauna torquata,Chauna torquata,Chauna torquata
Chelidoptera tenebrosa,Chelidoptera tenebrosa,Chelidoptera tenebrosa,Chelidoptera tenebrosa
Chiroxiphia pareola,Chiroxiphia pareola,Chiroxiphia pareola,Chiroxiphia pareola
Oressochen melanopterus,Chloephaga melanoptera,Chloephaga melanoptera,Chloephaga melanoptera
,Chloroceryle aenea,Chloroceryle aenea,Chloroceryle aenea
,Chloroceryle amazona,Chloroceryle amazona,Chloroceryle amazona
Chloroceryle americana,Chloroceryle americana,Chloroceryle americana,Chloroceryle americana
,Chloroceryle inda,Chloroceryle inda,Chloroceryle inda
Chlorochrysa calliparaea,Chlorochrysa calliparaea,Chlorochrysa calliparaea,Chlorochrysa calliparaea
Systellura longirostris,Systellura longirostris,Caprimulgus longirostris,Systellura longirostris
Chlorophanes spiza,Chlorophanes spiza,Chlorophanes spiza,Chlorophanes spiza
Chlorophonia cyanea,Chlorophonia cyanea,Chlorophonia cyanea,Chlorophonia cyanea
,Chlorophonia pyrrhophrys,Chlorophonia pyrrhophrys,Chlorophonia pyrrhophrys
Chlorornis riefferii,Chlorornis riefferii,Chlorornis riefferii,Chlorornis riefferii
,Chlorospingus canigularis,Chlorospingus canigularis,Chlorospingus canigularis
Chlorospingus flavigularis,Chlorospingus flavigularis,Chlorospingus flavigularis,Chlorospingus flavigularis
Chlorospingus ophthalmicus,Chlorospingus flavopectus,Chlorospingus ophthalmicus,Chlorospingus ophthalmicus
,Chlorospingus parvirostris,Chlorospingus parvirostris,Chlorospingus parvirostris
Chlorostilbon mellisugus,Chlorostilbon mellisugus,Chlorostilbon mellisugus,Chlorostilbon mellisugus
,Chondrohierax uncinatus,Chondrohierax uncinatus,Chondrohierax uncinatus
Chordeiles acutipennis,Chordeiles acutipennis,Chordeiles acutipennis,Chordeiles acutipennis
,Chordeiles minor,Chordeiles minor,Chordeiles minor
Chrysuronia oenone,Chrysuronia oenone,Chrysuronia oenone,Chrysuronia oenone
Cinclodes albiventris,Cinclodes albiventris,Cinclodes albiventris,Cinclodes albiventris
Cinclodes atacamensis,Cinclodes atacamensis,Cinclodes atacamensis,Cinclodes atacamensis
Cinclus leucocephalus,Cinclus leucocephalus,Cinclus leucocephalus,Cinclus leucocephalus
,Cinnycerthia fulva,Cinnycerthia fulva,Cinnycerthia fulva
Cinnycerthia olivascens,Cinnycerthia olivascens,Cinnycerthia olivascens,Cinnycerthia olivascens
Cinnycerthia peruana,Cinnycerthia peruana,Cinnycerthia peruana,Cinnycerthia peruana
,Cinnycerthia unirufa,Cinnycerthia unirufa,Cinnycerthia unirufa
,Circus cinereus,Circus cinereus,Circus cinereus
Cissopis leverianus,Cissopis leverianus,Cissopis leverianus,Cissopis leverianus
Cistothorus platensis,Cistothorus platensis,Cistothorus platensis,Cistothorus platensis
,Claravis mondetoura,Claravis mondetoura,Claravis mondetoura
Claravis pretiosa,Claravis pretiosa,Claravis pretiosa,Claravis pretiosa
Cnemarchus erythropygius,Cnemarchus erythropygius,Cnemarchus erythropygius,Cnemarchus erythropygius
,Cercomacroides fuscicauda,Cercomacra nigrescens,Cercomacroides fuscicauda
Cnemoscopus rubrirostris,Cnemoscopus rubrirostris,Cnemoscopus rubrirostris,Cnemoscopus rubrirostris
,Cnemotriccus fuscatus,Cnemotriccus fuscatus,Cnemotriccus fuscatus
,Cnipodectes subbrunneus,Cnipodectes subbrunneus,Cnipodectes subbrunneus
,Cnipodectes superrufus,Cnipodectes superrufus,Cnipodectes superrufus
,Coccycua cinerea,Coccycua cinerea,Coccycua cinerea
,Coccycua minuta,Coccycua minuta,Coccycua minuta
Coccyzus americanus,Coccyzus americanus,Coccyzus americanus,Coccyzus americanus
,Coccyzus erythropthalmus,Coccyzus erythropthalmus,Coccyzus erythropthalmus
Coccyzus melacoryphus,Coccyzus melacoryphus,Coccyzus melacoryphus,Coccyzus melacoryphus
,Cochlearius cochlearius,Cochlearius cochlearius,Cochlearius cochlearius
Cercomacroides nigrescens,Cercomacroides nigrescens,Cercomacra nigrescens,Cercomacra nigrescens
Coeligena coeligena,Coeligena coeligena,Coeligena coeligena,Coeligena coeligena
,Chlorochrysa fulgentissima,Chlorochrysa calliparaea,Chlorochrysa fulgentissima
,Cnemoscopus chrysogaster,Cnemoscopus rubrirostris,Cnemoscopus chrysogaster
Coeligena iris,Coeligena iris,Coeligena iris,Coeligena iris
Coeligena torquata,Coeligena torquata,Coeligena torquata,Coeligena torquata
Coereba flaveola,Coereba flaveola,Coereba flaveola,Coereba flaveola
,Coeligena inca,Coeligena torquata,Coeligena inca
Colaptes atricollis,Colaptes atricollis,Colaptes atricollis,Colaptes atricollis
Coeligena violifer,Coeligena albicaudata,Coeligena violifer,Coeligena albicaudata
,Colaptes punctigula,Colaptes punctigula,Colaptes punctigula
Colaptes rivolii,Colaptes rivolii,Colaptes rivolii,Colaptes rivolii
Colaptes rubiginosus,Colaptes rubiginosus,Colaptes rubiginosus,Colaptes rubiginosus
Colaptes rupicola,Colaptes rupicola,Colaptes rupicola,Colaptes rupicola
Colibri coruscans,Colibri coruscans,Colibri coruscans,Colibri coruscans
,Colibri delphinae,Colibri delphinae,Colibri delphinae
Colibri thalassinus,Colibri thalassinus,Colibri thalassinus,Colibri thalassinus
Colonia colonus,Colonia colonus,Colonia colonus,Colonia colonus
Columbina cruziana,Columbina cruziana,Columbina cruziana,Columbina cruziana
,Columbina minuta,Columbina minuta,Columbina minuta
,Columbina picui,Columbina picui,Columbina picui
Columbina talpacoti,Columbina talpacoti,Columbina talpacoti,Columbina talpacoti
,Conioptilon mcilhennyi,Conioptilon mcilhennyi,Conioptilon mcilhennyi
Conirostrum albifrons,Conirostrum albifrons,Conirostrum albifrons,Conirostrum albifrons
Conirostrum cinereum,Conirostrum cinereum,Conirostrum cinereum,Conirostrum cinereum
Conirostrum ferrugineiventre,Conirostrum ferrugineiventre,Conirostrum ferrugineiventre,Conirostrum ferrugineiventre
Conirostrum sitticolor,Conirostrum sitticolor,Conirostrum sitticolor,Conirostrum sitticolor
,Conirostrum speciosum,Conirostrum speciosum,Conirostrum speciosum
,Conopias cinchoneti,Conopias cinchoneti,Conopias cinchoneti
,Conopias trivirgatus,Conopias trivirgatus,Conopias trivirgatus
Conopophaga castaneiceps,Conopophaga castaneiceps,Conopophaga castaneiceps,Conopophaga castaneiceps
Conopophaga peruviana,Conopophaga peruviana,Conopophaga peruviana,Conopophaga peruviana
,Conothraupis speculigera,Conothraupis speculigera,Conothraupis speculigera
,Contopus cooperi,Contopus cooperi,Contopus cooperi
Contopus fumigatus,Contopus fumigatus,Contopus fumigatus,Contopus fumigatus
,Contopus nigrescens,Contopus nigrescens,Contopus nigrescens
,Contopus punensis,Contopus punensis,Contopus punensis
,Contopus sordidulus,Contopus sordidulus,Contopus sordidulus
,Contopus virens,Contopus virens,Contopus virens
,Coragyps atratus,Coragyps atratus,Coragyps atratus
Coryphospingus cucullatus,Coryphospingus cucullatus,Coryphospingus cucullatus,Coryphospingus cucullatus
Corythopis torquatus,Corythopis torquatus,Corythopis torquatus,Corythopis torquatus
,Cotinga cayana,Cotinga cayana,Cotinga cayana
,Cotinga cotinga,Cotinga cotinga,Cotinga cotinga
,Cotinga maynana,Cotinga maynana,Cotinga maynana
Cranioleuca antisiensis,Cranioleuca antisiensis,Cranioleuca antisiensis,Cranioleuca antisiensis
,Cranioleuca baroni,Cranioleuca baroni,Cranioleuca baroni
Cranioleuca curtata,Cranioleuca curtata,Cranioleuca curtata,Cranioleuca curtata
,Thripophaga gutturata,Cranioleuca gutturata,Cranioleuca gutturata
Cranioleuca marcapatae,Cranioleuca marcapatae,Cranioleuca marcapatae,Cranioleuca marcapatae
Creurgops dentatus,Creurgops dentatus,Creurgops dentatus,Creurgops dentatus
Creurgops verticalis,Creurgops verticalis,Creurgops verticalis,Creurgops verticalis
Crotophaga ani,Crotophaga ani,Crotophaga ani,Crotophaga ani
,Crotophaga major,Crotophaga major,Crotophaga major
Crotophaga sulcirostris,Crotophaga sulcirostris,Crotophaga sulcirostris,Crotophaga sulcirostris
,Crypturellus bartletti,Crypturellus bartletti,Crypturellus bartletti
,Crypturellus cinereus,Crypturellus cinereus,Crypturellus cinereus
Crypturellus obsoletus,Crypturellus obsoletus,Crypturellus obsoletus,Crypturellus obsoletus
,Crypturellus parvirostris,Crypturellus parvirostris,Crypturellus parvirostris
Crypturellus soui,Crypturellus soui,Crypturellus soui,Crypturellus soui
,Crypturellus strigulosus,Crypturellus strigulosus,Crypturellus strigulosus
Crypturellus undulatus,Crypturellus undulatus,Crypturellus undulatus,Crypturellus undulatus
,Crypturellus variegatus,Crypturellus variegatus,Crypturellus variegatus
Cyanerpes caeruleus,Cyanerpes caeruleus,Cyanerpes caeruleus,Cyanerpes caeruleus
,Cyanerpes cyaneus,Cyanerpes cyaneus,Cyanerpes cyaneus
,Cyanerpes nitidus,Cyanerpes nitidus,Cyanerpes nitidus
Cyanocompsa cyanoides,Cyanoloxia rothschildii,Cyanocompsa cyanoides,Cyanocompsa cyanoides
Cyanocorax mystacalis,Cyanocorax mystacalis,Cyanocorax mystacalis,Cyanocorax mystacalis
Cyanocorax violaceus,Cyanocorax violaceus,Cyanocorax violaceus,Cyanocorax violaceus
Cyanocorax yncas,Cyanocorax yncas,Cyanocorax yncas,Cyanocorax yncas
Cyanolyca viridicyanus,Cyanolyca viridicyanus,Cyanolyca viridicyanus,Cyanolyca viridicyanus
Cyclarhis gujanensis,Cyclarhis gujanensis,Cyclarhis gujanensis,Cyclarhis gujanensis
Cymbilaimus lineatus,Cymbilaimus lineatus,Cymbilaimus lineatus,Cymbilaimus lineatus
,Cymbilaimus sanctaemariae,Cymbilaimus sanctaemariae,Cymbilaimus sanctaemariae
Cyphorhinus arada,Cyphorhinus arada,Cyphorhinus arada,Cyphorhinus arada
,Coeligena dichroura,Coeligena violifer,Coeligena dichroura
Cyphorhinus thoracicus,Cyphorhinus thoracicus,Cyphorhinus thoracicus,Cyphorhinus thoracicus
,Cypseloides cryptus,Cypseloides cryptus,Cypseloides cryptus
,Dacnis albiventris,Dacnis albiventris,Dacnis albiventris
Dacnis cayana,Dacnis cayana,Dacnis cayana,Dacnis cayana
Dacnis flaviventer,Dacnis flaviventer,Dacnis flaviventer,Dacnis flaviventer
Dacnis lineata,Dacnis lineata,Dacnis lineata,Dacnis lineata
,Daptrius ater,Daptrius ater,Daptrius ater
Deconychura longicauda,Deconychura pallida,Deconychura longicauda,Deconychura longicauda
,Certhiasomus stictolaemus,Deconychura stictolaema,Deconychura stictolaema
Dubusia castaneoventris,Dubusia castaneoventris,Delothraupis castaneoventris,Delothraupis castaneoventris
Dendrexetastes rufigula,Dendrexetastes rufigula,Dendrexetastes rufigula,Dendrexetastes rufigula
Dendrocincla fuliginosa,Dendrocincla fuliginosa,Dendrocincla fuliginosa,Dendrocincla fuliginosa
Dendrocincla merula,Dendrocincla merula,Dendrocincla merula,Dendrocincla merula
Dendrocincla tyrannina,Dendrocincla tyrannina,Dendrocincla tyrannina,Dendrocincla tyrannina
Dendrocolaptes certhia,Dendrocolaptes certhia,Dendrocolaptes certhia,Dendrocolaptes certhia
Dendrocolaptes picumnus,Dendrocolaptes picumnus,Dendrocolaptes picumnus,Dendrocolaptes picumnus
,Setophaga cerulea,Dendroica cerulea,Dendroica cerulea
,Setophaga fusca,Dendroica fusca,Dendroica fusca
,Setophaga striata,Dendroica striata,Dendroica striata
,Dendroplex picus,Dendroplex picus,Dendroplex picus
,Dichrozona cincta,Dichrozona cincta,Dichrozona cincta
Diglossa albilatera,Diglossa albilatera,Diglossa albilatera,Diglossa albilatera
Diglossa brunneiventris,Diglossa brunneiventris,Diglossa brunneiventris,Diglossa brunneiventris
Diglossa caerulescens,Diglossa caerulescens,Diglossa caerulescens,Diglossa caerulescens
Diglossa cyanea,Diglossa cyanea,Diglossa cyanea,Diglossa cyanea
Diglossa glauca,Diglossa glauca,Diglossa glauca,Diglossa glauca
Diglossa humeralis,Diglossa humeralis,Diglossa humeralis,Diglossa humeralis
,Diglossa lafresnayii,Diglossa lafresnayii,Diglossa lafresnayii
Diglossa mystacalis,Diglossa mystacalis,Diglossa mystacalis,Diglossa mystacalis
Diglossa sittoides,Diglossa sittoides,Diglossa sittoides,Diglossa sittoides
,Discosura langsdorffi,Discosura langsdorffi,Discosura langsdorffi
,Discosura popelairii,Discosura popelairii,Discosura popelairii
Dives warczewiczi,Dives warczewiczi,Dives warszewiczi,Dives warszewiczi
,Dolichonyx oryzivorus,Dolichonyx oryzivorus,Dolichonyx oryzivorus
,Donacobius atricapilla,Donacobius atricapilla,Donacobius atricapilla
,Doryfera johannae,Doryfera johannae,Doryfera johannae
Doryfera ludovicae,Doryfera ludovicae,Doryfera ludovicae,Doryfera ludovicae
,Dromococcyx pavoninus,Dromococcyx pavoninus,Dromococcyx pavoninus
,Dromococcyx phasianellus,Dromococcyx phasianellus,Dromococcyx phasianellus
,Drymophila devillei,Drymophila devillei,Drymophila devillei
,Colaptes atriceps,Colaptes rivolii,Colaptes atriceps
Dubusia taeniata,Dubusia taeniata,Dubusia taeniata,Dubusia taeniata
Dysithamnus mentalis,Dysithamnus mentalis,Dysithamnus mentalis,Dysithamnus mentalis
,Egretta caerulea,Egretta caerulea,Egretta caerulea
,Egretta thula,Egretta thula,Egretta thula
Elaenia albiceps,Elaenia albiceps,Elaenia albiceps,Elaenia albiceps
,Elaenia flavogaster,Elaenia flavogaster,Elaenia flavogaster
,Elaenia gigas,Elaenia gigas,Elaenia gigas
,Elaenia obscura,Elaenia obscura,Elaenia obscura
Elaenia pallatangae,Elaenia pallatangae,Elaenia pallatangae,Elaenia pallatangae
,Elaenia parvirostris,Elaenia parvirostris,Elaenia parvirostris
Elaenia spectabilis,Elaenia spectabilis,Elaenia spectabilis,Elaenia spectabilis
,Elaenia strepera,Elaenia strepera,Elaenia strepera
,Elanoides forficatus,Elanoides forficatus,Elanoides forficatus
Electron platyrhynchum,Electron platyrhynchum,Electron platyrhynchum,Electron platyrhynchum
,Empidonax alnorum,Empidonax alnorum,Empidonax alnorum
,Griseotyrannus aurantioatrocristatus,Empidonomus aurantioatrocristatus,Empidonomus aurantioatrocristatus
,Empidonomus varius,Empidonomus varius,Empidonomus varius
Ensifera ensifera,Ensifera ensifera,Ensifera ensifera,Ensifera ensifera
Entomodestes leucotis,Entomodestes leucotis,Entomodestes leucotis,Entomodestes leucotis
Epinecrophylla erythrura,Epinecrophylla erythrura,Epinecrophylla erythrura,Epinecrophylla erythrura
Epinecrophylla haematonota,Epinecrophylla haematonota,Epinecrophylla haematonota,Epinecrophylla haematonota
Epinecrophylla leucophthalma,Epinecrophylla leucophthalma,Epinecrophylla leucophthalma,Epinecrophylla leucophthalma
Epinecrophylla ornata,Epinecrophylla ornata,Epinecrophylla ornata,Epinecrophylla ornata
Eriocnemis luciani,Eriocnemis sapphiropygia,Eriocnemis luciani,Eriocnemis luciani
,Eubucco aurantiicollis,Eubucco richardsoni,Eubucco richardsoni
,Eubucco tucinkae,Eubucco tucinkae,Eubucco tucinkae
Eubucco versicolor,Eubucco versicolor,Eubucco versicolor,Eubucco versicolor
,Eucometis penicillata,Eucometis penicillata,Eucometis penicillata
,Euphonia chlorotica,Euphonia chlorotica,Euphonia chlorotica
,Euphonia chrysopasta,Euphonia chrysopasta,Euphonia chrysopasta
,Euphonia cyanocephala,Euphonia cyanocephala,Euphonia cyanocephala
Euphonia laniirostris,Euphonia laniirostris,Euphonia laniirostris,Euphonia laniirostris
Euphonia mesochrysa,Euphonia mesochrysa,Euphonia mesochrysa,Euphonia mesochrysa
,Euphonia minuta,Euphonia minuta,Euphonia minuta
,Euphonia rufiventris,Euphonia rufiventris,Euphonia rufiventris
Euphonia xanthogaster,Euphonia xanthogaster,Euphonia xanthogaster,Euphonia xanthogaster
,Eurypyga helias,Eurypyga helias,Eurypyga helias
Euscarthmus meloryphus,Euscarthmus fulviceps,Euscarthmus meloryphus,Euscarthmus meloryphus
Eutoxeres condamini,Eutoxeres condamini,Eutoxeres condamini,Eutoxeres condamini
,Falco deiroleucus,Falco deiroleucus,Falco deiroleucus
,Falco femoralis,Falco femoralis,Falco femoralis
,Falco peregrinus,Falco peregrinus,Falco peregrinus
,Falco rufigularis,Falco rufigularis,Falco rufigularis
Falco sparverius,Falco sparverius,Falco sparverius,Falco sparverius
Florisuga mellivora,Florisuga mellivora,Florisuga mellivora,Florisuga mellivora
,Fluvicola albiventer,Fluvicola albiventer,Fluvicola albiventer
Formicarius analis,Formicarius analis,Formicarius analis,Formicarius analis
Formicarius colma,Formicarius colma,Formicarius colma,Formicarius colma
,Formicarius rufipectus,Formicarius rufipectus,Formicarius rufipectus
,Formicivora rufa,Formicivora rufa,Formicivora rufa
Forpus coelestis,Forpus coelestis,Forpus coelestis,Forpus coelestis
,Forpus modestus,Forpus modestus,Forpus modestus
,Forpus xanthopterygius,Forpus xanthopterygius,Forpus xanthopterygius
,Frederickena unduliger,Frederickena unduligera,Frederickena unduligera
,Fulica ardesiaca,Fulica ardesiaca,Fulica ardesiaca
,Fulica gigantea,Fulica gigantea,Fulica gigantea
,Furnarius cinnamomeus,Furnarius cinnamomeus,Furnarius cinnamomeus
Furnarius leucopus,Furnarius leucopus,Furnarius leucopus,Furnarius leucopus
,Galbalcyrhynchus leucotis,Galbalcyrhynchus leucotis,Galbalcyrhynchus leucotis
,Galbalcyrhynchus purusianus,Galbalcyrhynchus purusianus,Galbalcyrhynchus purusianus
,Galbula chalcocephala,Galbula albirostris,Galbula albirostris
,Galbula chalcothorax,Galbula chalcothorax,Galbula chalcothorax
Galbula cyanescens,Galbula cyanescens,Galbula cyanescens,Galbula cyanescens
,Galbula dea,Galbula dea,Galbula dea
,Gallinago andina,Gallinago andina,Gallinago andina
,Gallinago imperialis,Gallinago imperialis,Gallinago imperialis
,Gallinago jamesoni,Gallinago jamesoni,Gallinago jamesoni
,Gallinago paraguaiae,Gallinago paraguaiae,Gallinago paraguaiae
,Gallinula galeata,Gallinula chloropus,Gallinula chloropus
,Gampsonyx swainsonii,Gampsonyx swainsonii,Gampsonyx swainsonii
,Geositta crassirostris,Geositta crassirostris,Geositta crassirostris
,Geositta cunicularia,Geositta cunicularia,Geositta cunicularia
,Geositta maritima,Geositta maritima,Geositta maritima
Geositta tenuirostris,Geositta tenuirostris,Geositta tenuirostris,Geositta tenuirostris
,Geothlypis auricularis,Geothlypis auricularis,Geothlypis auricularis
Geotrygon frenata,Zentrygon frenata,Geotrygon frenata,Geotrygon frenata
Zentrygon frenata,Zentrygon frenata,Geotrygon frenata,Geotrygon frenata
Geotrygon montana,Geotrygon montana,Geotrygon montana,Geotrygon montana
,Geranoaetus melanoleucus,Geranoaetus melanoleucus,Geranoaetus melanoleucus
,Geranospiza caerulescens,Geranospiza caerulescens,Geranospiza caerulescens
,Glaucidium bolivianum,Glaucidium bolivianum,Glaucidium bolivianum
Glaucidium brasilianum,Glaucidium brasilianum,Glaucidium brasilianum,Glaucidium brasilianum
,Glaucidium hardyi,Glaucidium hardyi,Glaucidium hardyi
Glaucidium jardinii,Glaucidium jardinii,Glaucidium jardinii,Glaucidium jardinii
,Glaucidium parkeri,Glaucidium parkeri,Glaucidium parkeri
Glaucidium peruanum,Glaucidium peruanum,Glaucidium peruanum,Glaucidium peruanum
Glaucis hirsutus,Glaucis hirsutus,Glaucis hirsutus,Glaucis hirsutus
Glyphorynchus spirurus,Glyphorynchus spirurus,Glyphorynchus spirurus,Glyphorynchus spirurus
,Grallaria albigula,Grallaria albigula,Grallaria albigula
Grallaria andicolus,Grallaria andicolus,Grallaria andicolus,Grallaria andicolus
,Grallaria blakei,Grallaria blakei,Grallaria blakei
,Grallaria capitalis,Grallaria capitalis,Grallaria capitalis
Grallaria carrikeri,Grallaria carrikeri,Grallaria carrikeri,Grallaria carrikeri
,Grallaria erythroleuca,Grallaria erythroleuca,Grallaria erythroleuca
Grallaria guatimalensis,Grallaria guatimalensis,Grallaria guatimalensis,Grallaria guatimalensis
,Grallaria hypoleuca,Grallaria hypoleuca,Grallaria hypoleuca
,Grallaria nuchalis,Grallaria nuchalis,Grallaria nuchalis
Grallaria przewalskii,Grallaria przewalskii,Grallaria przewalskii,Grallaria przewalskii
,Grallaria atuensis,Grallaria quitensis,Grallaria quitensis
Grallaria ruficapilla,Grallaria ruficapilla,Grallaria ruficapilla,Grallaria ruficapilla
Grallaria rufula,Grallaria rufula,Grallaria rufula,Grallaria rufula
Grallaria squamigera,Grallaria squamigera,Grallaria squamigera,Grallaria squamigera
Grallaricula ferrugineipectus,Grallaricula leymebambae,Grallaricula ferrugineipectus,Grallaricula ferrugineipectus
Grallaricula flavirostris,Grallaricula flavirostris,Grallaricula flavirostris,Grallaricula flavirostris
,Grallaricula nana,Grallaricula nana,Grallaricula nana
,Grallaricula peruviana,Grallaricula peruviana,Grallaricula peruviana
,Gymnoderus foetidus,Gymnoderus foetidus,Gymnoderus foetidus
,Gymnopithys leucaspis,Gymnopithys leucaspis,Gymnopithys leucaspis
,Oneillornis lunulatus,Gymnopithys lunulatus,Gymnopithys lunulatus
Gymnopithys salvini,Oneillornis salvini,Gymnopithys salvini,Gymnopithys salvini
Habia rubica,Habia rubica,Habia rubica,Habia rubica
Hapalopsittaca melanotis,Hapalopsittaca melanotis,Hapalopsittaca melanotis,Hapalopsittaca melanotis
,Hapaloptila castanea,Hapaloptila castanea,Hapaloptila castanea
,Orochelidon andecola,Haplochelidon andecola,Haplochelidon andecola
,Haplophaedia assimilis,Haplophaedia assimilis,Haplophaedia assimilis
Haplospiza rustica,Spodiornis rusticus,Haplospiza rustica,Haplospiza rustica
Harpagus bidentatus,Harpagus bidentatus,Harpagus bidentatus,Harpagus bidentatus
,Harpia harpyja,Harpia harpyja,Harpia harpyja
,Buteogallus solitarius,Harpyhaliaetus solitarius,Harpyhaliaetus solitarius
Heliangelus amethysticollis,Heliangelus amethysticollis,Heliangelus amethysticollis,Heliangelus amethysticollis
Heliangelus micraster,Heliangelus micraster,Heliangelus micraster,Heliangelus micraster
Heliodoxa aurescens,Heliodoxa aurescens,Heliodoxa aurescens,Heliodoxa aurescens
,Heliodoxa branickii,Heliodoxa branickii,Heliodoxa branickii
Heliodoxa leadbeateri,Heliodoxa leadbeateri,Heliodoxa leadbeateri,Heliodoxa leadbeateri
Heliodoxa rubinoides,Heliodoxa rubinoides,Heliodoxa rubinoides,Heliodoxa rubinoides
,Heliodoxa whitelyana,Heliodoxa schreibersii,Heliodoxa schreibersii
Heliomaster longirostris,Heliomaster longirostris,Heliomaster longirostris,Heliomaster longirostris
,Heliornis fulica,Heliornis fulica,Heliornis fulica
Heliothryx auritus,Heliothryx auritus,Heliothryx auritus,Heliothryx auritus
Hellmayrea gularis,Hellmayrea gularis,Hellmayrea gularis,Hellmayrea gularis
,Kleinothraupis auricularis,Hemispingus auricularis,Hemispingus auricularis
Hemispingus frontalis,Sphenopsis frontalis,Hemispingus frontalis,Hemispingus frontalis
Hemispingus melanotis,Sphenopsis melanotis,Hemispingus melanotis,Hemispingus melanotis
,Kleinothraupis parodii,Hemispingus parodii,Hemispingus parodii
,Poospiza rufosuperciliaris,Hemispingus rufosuperciliaris,Hemispingus rufosuperciliaris
Hemispingus superciliaris,Thlypopsis superciliaris,Hemispingus superciliaris,Hemispingus superciliaris
,Microspingus trifasciatus,Hemispingus trifasciatus,Hemispingus trifasciatus
Hemispingus xanthophthalmus,Pseudospingus xanthophthalmus,Hemispingus xanthophthalmus,Hemispingus xanthophthalmus
,Hemithraupis flavicollis,Hemithraupis flavicollis,Hemithraupis flavicollis
,Hemithraupis guira,Hemithraupis guira,Hemithraupis guira
,Hemitriccus flammulatus,Hemitriccus flammulatus,Hemitriccus flammulatus
Hemitriccus granadensis,Hemitriccus granadensis,Hemitriccus granadensis,Hemitriccus granadensis
,Hemitriccus griseipectus,Hemitriccus griseipectus,Hemitriccus griseipectus
,Hemitriccus iohannis,Hemitriccus iohannis,Hemitriccus iohannis
Hemitriccus rufigularis,Hemitriccus rufigularis,Hemitriccus rufigularis,Hemitriccus rufigularis
,Hemitriccus zosterops,Hemitriccus zosterops,Hemitriccus zosterops
Henicorhina leucophrys,Henicorhina leucophrys,Henicorhina leucophrys,Henicorhina leucophrys
,Henicorhina leucosticta,Henicorhina leucosticta,Henicorhina leucosticta
,Herpetotheres cachinnans,Herpetotheres cachinnans,Herpetotheres cachinnans
,Herpsilochmus scapularis,Herpsilochmus rufimarginatus,Herpsilochmus rufimarginatus
,Himantopus himantopus,Himantopus himantopus,Himantopus himantopus
,Hirundinea ferruginea,Hirundinea ferruginea,Hirundinea ferruginea
,Hirundo rustica,Hirundo rustica,Hirundo rustica
,Hydropsalis climacocerca,Hydropsalis climacocerca,Hydropsalis climacocerca
,Colaptes cinereicapillus,Colaptes rupicola,Colaptes cinereicappillus
,Cyphorhinus dichrous,Cyphorhinus thoracicus,Cyphorhinus dichrous
,Hylexetastes stresemanni,Hylexetastes stresemanni,Hylexetastes stresemanni
Hylocharis cyanus,Hylocharis cyanus,Hylocharis cyanus,Hylocharis cyanus
Automolus subulatus,Automolus subulatus,Hyloctistes subulatus,Hyloctistes subulatus
,Hylopezus berlepschi,Hylopezus berlepschi,Hylopezus berlepschi
,Pachysylvia hypoxantha,Hylophilus hypoxanthus,Hylophilus hypoxanthus
Tunchiornis ochraceiceps,Tunchiornis ochraceiceps,Hylophilus ochraceiceps,Hylophilus ochraceiceps
,Hylophilus olivaceus,Hylophilus olivaceus,Hylophilus olivaceus
,Hylophilus griseiventris,Hylophilus thoracicus,Hylophilus thoracicus
Hylophylax naevius,Hylophylax naevius,Hylophylax naevius,Hylophylax naevius
Hypocnemis peruviana,Hypocnemis peruviana,Hypocnemis peruviana,Hypocnemis peruviana
Hypocnemis subflava,Hypocnemis subflava,Hypocnemis subflava,Hypocnemis subflava
,Hypocnemoides maculicauda,Hypocnemoides maculicauda,Hypocnemoides maculicauda
,Ibycter americanus,Ibycter americanus,Ibycter americanus
Icterus cayanensis,Icterus cayanensis,Icterus cayanensis,Icterus cayanensis
Dryocopus lineatus,Hylatomus fuscipennis,Dryocopus lineatus,Hylatomus fuscipennis
,Icterus croconotus,Icterus croconotus,Icterus croconotus
Icterus graceannae,Icterus graceannae,Icterus graceannae,Icterus graceannae
,Icterus mesomelas,Icterus mesomelas,Icterus mesomelas
,Ictinia mississippiensis,Ictinia mississippiensis,Ictinia mississippiensis
,Ictinia plumbea,Ictinia plumbea,Ictinia plumbea
,Incaspiza personata,Incaspiza personata,Incaspiza personata
Inezia inornata,Inezia inornata,Inezia inornata,Inezia inornata
,Iodopleura isabellae,Iodopleura isabellae,Iodopleura isabellae
,Iridophanes pulcherrimus,Iridophanes pulcherrimus,Iridophanes pulcherrimus
Iridosornis analis,Iridosornis analis,Iridosornis analis,Iridosornis analis
Iridosornis jelskii,Iridosornis jelskii,Iridosornis jelskii,Iridosornis jelskii
Iridosornis reinhardti,Iridosornis reinhardti,Iridosornis reinhardti,Iridosornis reinhardti
,Ixobrychus exilis,Ixobrychus exilis,Ixobrychus exilis
,Jabiru mycteria,Jabiru mycteria,Jabiru mycteria
,Jacamerops aureus,Jacamerops aureus,Jacamerops aureus
,Jacana jacana,Jacana jacana,Jacana jacana
Klais guimeti,Klais guimeti,Klais guimeti,Klais guimeti
Knipolegus aterrimus,Knipolegus aterrimus,Knipolegus aterrimus,Knipolegus aterrimus
,Knipolegus poecilurus,Knipolegus poecilurus,Knipolegus poecilurus
,Knipolegus signatus,Knipolegus signatus,Knipolegus signatus
Lafresnaya lafresnayi,Lafresnaya lafresnayi,Lafresnaya lafresnayi,Lafresnaya lafresnayi
,Lampropsar tanagrinus,Lampropsar tanagrinus,Lampropsar tanagrinus
Lamprospiza melanoleuca,Lamprospiza melanoleuca,Lamprospiza melanoleuca,Lamprospiza melanoleuca
Lanio versicolor,Lanio versicolor,Lanio versicolor,Lanio versicolor
Laniocera hypopyrra,Laniocera hypopyrra,Laniocera hypopyrra,Laniocera hypopyrra
,Larus cirrocephalus,Larus cirrocephalus,Larus cirrocephalus
,Larus dominicanus,Larus dominicanus,Larus dominicanus
Chroicocephalus serranus,Larus serranus,Larus serranus,Larus serranus
,Laterallus exilis,Laterallus exilis,Laterallus exilis
,Laterallus jamaicensis,Laterallus jamaicensis,Laterallus jamaicensis
,Laterallus melanophaius,Laterallus melanophaius,Laterallus melanophaius
Lathrotriccus euleri,Lathrotriccus euleri,Lathrotriccus euleri,Lathrotriccus euleri
,Lathrotriccus griseipectus,Lathrotriccus griseipectus,Lathrotriccus griseipectus
,Legatus leucophaius,Legatus leucophaius,Legatus leucophaius
,Lepidocolaptes fatimalimae,Lepidocolaptes albolineatus,Lepidocolaptes albolineatus
Lepidocolaptes lacrymiger,Lepidocolaptes lacrymiger,Lepidocolaptes lacrymiger,Lepidocolaptes lacrymiger
Lepidocolaptes souleyetii,Lepidocolaptes souleyetii,Lepidocolaptes souleyetii,Lepidocolaptes souleyetii
Lepidothrix coeruleocapilla,Lepidothrix coeruleocapilla,Lepidothrix coeruleocapilla,Lepidothrix coeruleocapilla
Lepidothrix coronata,Lepidothrix coronata,Lepidothrix coronata,Lepidothrix coronata
Lepidothrix isidorei,Lepidothrix isidorei,Lepidothrix isidorei,Lepidothrix isidorei
,Leptasthenura striata,Leptasthenura striata,Leptasthenura striata
,Leptodon cayanensis,Leptodon cayanensis,Leptodon cayanensis
,Hylatomus lineatus,Dryocopus lineatus,Hylatomus lineatus
Leptopogon amaurocephalus,Leptopogon amaurocephalus,Leptopogon amaurocephalus,Leptopogon amaurocephalus
,Leptopogon rufipectus,Leptopogon rufipectus,Leptopogon rufipectus
Leptopogon superciliaris,Leptopogon superciliaris,Leptopogon superciliaris,Leptopogon superciliaris
Leptopogon taczanowskii,Leptopogon taczanowskii,Leptopogon taczanowskii,Leptopogon taczanowskii
Leptotila rufaxilla,Leptotila rufaxilla,Leptotila rufaxilla,Leptotila rufaxilla
Leptotila verreauxi,Leptotila verreauxi,Leptotila verreauxi,Leptotila verreauxi
Lesbia nuna,Lesbia nuna,Lesbia nuna,Lesbia nuna
Lesbia victoriae,Lesbia victoriae,Lesbia victoriae,Lesbia victoriae
,Lessonia oreas,Lessonia oreas,Lessonia oreas
Leucippus taczanowskii,Leucippus taczanowskii,Leucippus taczanowskii,Leucippus taczanowskii
,Pseudastur albicollis,Leucopternis albicollis,Leucopternis albicollis
,Leucopternis kuhli,Leucopternis kuhli,Leucopternis kuhli
,Buteogallus schistaceus,Leucopternis schistaceus,Leucopternis schistaceus
,Liosceles thoracicus,Liosceles thoracicus,Liosceles thoracicus
Lipaugus vociferans,Lipaugus vociferans,Lipaugus vociferans,Lipaugus vociferans
Lochmias nematura,Lochmias nematura,Lochmias nematura,Lochmias nematura
,Loddigesia mirabilis,Loddigesia mirabilis,Loddigesia mirabilis
,Lophonetta specularioides,Lophonetta specularioides,Lophonetta specularioides
,Lophornis verreauxii,Lophornis chalybeus,Lophornis chalybeus
,Lophornis delattrei,Lophornis delattrei,Lophornis delattrei
,Lophostrix cristata,Lophostrix cristata,Lophostrix cristata
Lophotriccus eulophotes,Lophotriccus eulophotes,Lophotriccus eulophotes,Lophotriccus eulophotes
Lophotriccus pileatus,Lophotriccus pileatus,Lophotriccus pileatus,Lophotriccus pileatus
Lophotriccus vitiosus,Lophotriccus vitiosus,Lophotriccus vitiosus,Lophotriccus vitiosus
Lurocalis rufiventris,Lurocalis rufiventris,Lurocalis rufiventris,Lurocalis rufiventris
,Lurocalis semitorquatus,Lurocalis semitorquatus,Lurocalis semitorquatus
Machaeropterus pyrocephalus,Machaeropterus pyrocephalus,Machaeropterus pyrocephalus,Machaeropterus pyrocephalus
,Machaeropterus striolatus,Machaeropterus regulus,Machaeropterus regulus
Malacoptila fulvogularis,Malacoptila fulvogularis,Malacoptila fulvogularis,Malacoptila fulvogularis
,Malacoptila fusca,Malacoptila fusca,Malacoptila fusca
,Malacoptila semicincta,Malacoptila semicincta,Malacoptila semicincta
Manacus manacus,Manacus manacus,Manacus manacus,Manacus manacus
Margarornis squamiger,Margarornis squamiger,Margarornis squamiger,Margarornis squamiger
,Mecocerculus calopterus,Mecocerculus calopterus,Mecocerculus calopterus
Mecocerculus leucophrys,Mecocerculus leucophrys,Mecocerculus leucophrys,Mecocerculus leucophrys
Mecocerculus minor,Mecocerculus minor,Mecocerculus minor,Mecocerculus minor
Mecocerculus poecilocercus,Mecocerculus poecilocercus,Mecocerculus poecilocercus,Mecocerculus poecilocercus
Mecocerculus stictopterus,Mecocerculus stictopterus,Mecocerculus stictopterus,Mecocerculus stictopterus
,Megaceryle torquata,Megaceryle torquata,Megaceryle torquata
Megarynchus pitangua,Megarynchus pitangua,Megarynchus pitangua,Megarynchus pitangua
,Megascops albogularis,Megascops albogularis,Megascops albogularis
,Megascops choliba,Megascops choliba,Megascops choliba
Megascops guatemalae,Megascops vermiculatus,Megascops guatemalae,Megascops guatemalae
Megascops ingens,Megascops ingens,Megascops ingens,Megascops ingens
Megascops koepckeae,Megascops koepckeae,Megascops koepckeae,Megascops koepckeae
,Megascops petersoni,Megascops petersoni,Megascops petersoni
,Megascops roboratus,Megascops roboratus,Megascops roboratus
,Megascops watsonii,Megascops watsonii,Megascops watsonii
Melanerpes cruentatus,Melanerpes cruentatus,Melanerpes cruentatus,Melanerpes cruentatus
,Melanopareia elegans,Melanopareia elegans,Melanopareia elegans
Merganetta armata,Merganetta armata,Merganetta armata,Merganetta armata
,Mesembrinibis cayennensis,Mesembrinibis cayennensis,Mesembrinibis cayennensis
,Metallura aeneocauda,Metallura aeneocauda,Metallura aeneocauda
Metallura phoebe,Metallura phoebe,Metallura phoebe,Metallura phoebe
Metallura theresiae,Metallura theresiae,Metallura theresiae,Metallura theresiae
Metallura tyrianthina,Metallura tyrianthina,Metallura tyrianthina,Metallura tyrianthina
,Metopothrix aurantiaca,Metopothrix aurantiaca,Metopothrix aurantiaca
Metriopelia ceciliae,Metriopelia ceciliae,Metriopelia ceciliae,Metriopelia ceciliae
Metriopelia melanoptera,Metriopelia melanoptera,Metriopelia melanoptera,Metriopelia melanoptera
,Micrastur buckleyi,Micrastur buckleyi,Micrastur buckleyi
,Micrastur gilvicollis,Micrastur gilvicollis,Micrastur gilvicollis
,Micrastur mirandollei,Micrastur mirandollei,Micrastur mirandollei
Micrastur ruficollis,Micrastur ruficollis,Micrastur ruficollis,Micrastur ruficollis
,Micrastur semitorquatus,Micrastur semitorquatus,Micrastur semitorquatus
Microcerculus marginatus,Microcerculus marginatus,Microcerculus marginatus,Microcerculus marginatus
,Micromonacha lanceolata,Micromonacha lanceolata,Micromonacha lanceolata
Microrhopias quixensis,Microrhopias quixensis,Microrhopias quixensis,Microrhopias quixensis
,Milvago chimachima,Milvago chimachima,Milvago chimachima
Mimus longicaudatus,Mimus longicaudatus,Mimus longicaudatus,Mimus longicaudatus
Mionectes macconnelli,Mionectes macconnelli,Mionectes macconnelli,Mionectes macconnelli
Mionectes oleagineus,Mionectes oleagineus,Mionectes oleagineus,Mionectes oleagineus
Mionectes olivaceus,Mionectes galbinus,Mionectes olivaceus,Mionectes olivaceus
Mionectes striaticollis,Mionectes striaticollis,Mionectes striaticollis,Mionectes striaticollis
,Mitrephanes olivaceus,Mitrephanes olivaceus,Mitrephanes olivaceus
,Mitu tuberosum,Mitu tuberosum,Mitu tuberosum
,Mniotilta varia,Mniotilta varia,Mniotilta varia
Molothrus bonariensis,Molothrus bonariensis,Molothrus bonariensis,Molothrus bonariensis
Molothrus oryzivorus,Molothrus oryzivorus,Molothrus oryzivorus,Molothrus oryzivorus
Momotus aequatorialis,Momotus aequatorialis,Momotus aequatorialis,Momotus aequatorialis
Momotus momota,Momotus momota,Momotus momota,Momotus momota
Monasa flavirostris,Monasa flavirostris,Monasa flavirostris,Monasa flavirostris
Monasa morphoeus,Monasa morphoeus,Monasa morphoeus,Monasa morphoeus
Monasa nigrifrons,Monasa nigrifrons,Monasa nigrifrons,Monasa nigrifrons
,Morphnus guianensis,Morphnus guianensis,Morphnus guianensis
Muscigralla brevicauda,Muscigralla brevicauda,Muscigralla brevicauda,Muscigralla brevicauda
,Muscisaxicola albifrons,Muscisaxicola albifrons,Muscisaxicola albifrons
,Muscisaxicola albilora,Muscisaxicola albilora,Muscisaxicola albilora
Muscisaxicola cinereus,Muscisaxicola cinereus,Muscisaxicola cinereus,Muscisaxicola cinereus
,Muscisaxicola flavinucha,Muscisaxicola flavinucha,Muscisaxicola flavinucha
Muscisaxicola fluviatilis,Muscisaxicola fluviatilis,Muscisaxicola fluviatilis,Muscisaxicola fluviatilis
,Muscisaxicola frontalis,Muscisaxicola frontalis,Muscisaxicola frontalis
Muscisaxicola griseus,Muscisaxicola griseus,Muscisaxicola griseus,Muscisaxicola griseus
,Muscisaxicola juninensis,Muscisaxicola juninensis,Muscisaxicola juninensis
,Muscisaxicola maclovianus,Muscisaxicola maclovianus,Muscisaxicola maclovianus
Muscisaxicola maculirostris,Muscisaxicola maculirostris,Muscisaxicola maculirostris,Muscisaxicola maculirostris
Muscisaxicola rufivertex,Muscisaxicola occipitalis,Muscisaxicola rufivertex,Muscisaxicola rufivertex
Myadestes ralloides,Myadestes ralloides,Myadestes ralloides,Myadestes ralloides
,Mycteria americana,Mycteria americana,Mycteria americana
Myiarchus cephalotes,Myiarchus cephalotes,Myiarchus cephalotes,Myiarchus cephalotes
Myiarchus ferox,Myiarchus ferox,Myiarchus ferox,Myiarchus ferox
,Myiarchus phaeocephalus,Myiarchus phaeocephalus,Myiarchus phaeocephalus
,Myiarchus semirufus,Myiarchus semirufus,Myiarchus semirufus
Myiarchus swainsoni,Myiarchus swainsoni,Myiarchus swainsoni,Myiarchus swainsoni
Myiarchus tuberculifer,Myiarchus tuberculifer,Myiarchus tuberculifer,Myiarchus tuberculifer
,Myiarchus tyrannulus,Myiarchus tyrannulus,Myiarchus tyrannulus
,Myiobius atricaudus,Myiobius atricaudus,Myiobius atricaudus
Myiobius barbatus,Myiobius barbatus,Myiobius barbatus,Myiobius barbatus
Myiobius villosus,Myiobius villosus,Myiobius villosus,Myiobius villosus
Myioborus melanocephalus,Myioborus melanocephalus,Myioborus melanocephalus,Myioborus melanocephalus
Myioborus miniatus,Myioborus miniatus,Myioborus miniatus,Myioborus miniatus
Myiodynastes bairdii,Myiodynastes bairdii,Myiodynastes bairdii,Myiodynastes bairdii
,Myiodynastes chrysocephalus,Myiodynastes chrysocephalus,Myiodynastes chrysocephalus
,Myiodynastes luteiventris,Myiodynastes luteiventris,Myiodynastes luteiventris
Myiodynastes maculatus,Myiodynastes solitarius,Myiodynastes maculatus,Myiodynastes maculatus
,Myiopagis cinerea,Myiopagis caniceps,Myiopagis caniceps
,Myiopagis gaimardii,Myiopagis gaimardii,Myiopagis gaimardii
,Myiopagis subplacens,Myiopagis subplacens,Myiopagis subplacens
,Myiopagis viridicata,Myiopagis viridicata,Myiopagis viridicata
,Dubusia stictocephala,Dubusia taeniata,Dubusia stictocephala
Myiophobus fasciatus,Myiophobus fasciatus,Myiophobus fasciatus,Myiophobus fasciatus
Myiophobus flavicans,Myiophobus flavicans,Myiophobus flavicans,Myiophobus flavicans
,Myiophobus inornatus,Myiophobus inornatus,Myiophobus inornatus
Nephelomyias ochraceiventris,Nephelomyias ochraceiventris,Myiophobus ochraceiventris,Myiophobus ochraceiventris
,Nephelomyias pulcher,Myiophobus pulcher,Myiophobus pulcher
,Icterus chrysocephalus,Icterus cayanensis,Icterus chrysocephalus
,Myiornis albiventris,Myiornis albiventris,Myiornis albiventris
,Myiornis ecaudatus,Myiornis ecaudatus,Myiornis ecaudatus
,Myiotheretes fumigatus,Myiotheretes fumigatus,Myiotheretes fumigatus
Myiotheretes fuscorufus,Myiotheretes fuscorufus,Myiotheretes fuscorufus,Myiotheretes fuscorufus
Myiotheretes striaticollis,Myiotheretes striaticollis,Myiotheretes striaticollis,Myiotheretes striaticollis
,Myiotriccus phoenicurus,Myiotriccus ornatus,Myiotriccus ornatus
Myiozetetes cayanensis,Myiozetetes cayanensis,Myiozetetes cayanensis,Myiozetetes cayanensis
Myiozetetes granadensis,Myiozetetes granadensis,Myiozetetes granadensis,Myiozetetes granadensis
,Myiozetetes luteiventris,Myiozetetes luteiventris,Myiozetetes luteiventris
Myiozetetes similis,Myiozetetes similis,Myiozetetes similis,Myiozetetes similis
Myornis senilis,Myornis senilis,Myornis senilis,Myornis senilis
Myrmeciza atrothorax,Myrmophylax atrothorax,Myrmeciza atrothorax,Myrmeciza atrothorax
Myrmeciza fortis,Hafferia fortis,Myrmeciza fortis,Myrmeciza fortis
,Akletos goeldii,Myrmeciza goeldii,Myrmeciza goeldii
Myrmeciza hemimelaena,Sciaphylax hemimelaena,Myrmeciza hemimelaena,Myrmeciza hemimelaena
,Myrmelastes hyperythrus,Myrmeciza hyperythra,Myrmeciza hyperythra
,Akletos melanoceps,Myrmeciza melanoceps,Myrmeciza melanoceps
Myrmia micrura,Myrmia micrura,Myrmia micrura,Myrmia micrura
Myrmoborus leucophrys,Myrmoborus leucophrys,Myrmoborus leucophrys,Myrmoborus leucophrys
Myrmoborus myotherinus,Myrmoborus myotherinus,Myrmoborus myotherinus,Myrmoborus myotherinus
,Myrmothera campanisona,Myrmothera campanisona,Myrmothera campanisona
Myrmotherula axillaris,Myrmotherula axillaris,Myrmotherula axillaris,Myrmotherula axillaris
,Myrmotherula brachyura,Myrmotherula brachyura,Myrmotherula brachyura
Isleria hauxwelli,Isleria hauxwelli,Myrmotherula hauxwelli,Myrmotherula hauxwelli
,Myrmotherula ignota,Myrmotherula ignota,Myrmotherula ignota
,Myrmotherula iheringi,Myrmotherula iheringi,Myrmotherula iheringi
Myrmotherula longicauda,Myrmotherula longicauda,Myrmotherula longicauda,Myrmotherula longicauda
Myrmotherula longipennis,Myrmotherula longipennis,Myrmotherula longipennis,Myrmotherula longipennis
,Myrmotherula menetriesii,Myrmotherula menetriesii,Myrmotherula menetriesii
,Myrmotherula multostriata,Myrmotherula multostriata,Myrmotherula multostriata
Myrmotherula schisticolor,Myrmotherula schisticolor,Myrmotherula schisticolor,Myrmotherula schisticolor
,Myrmotherula sclateri,Myrmotherula sclateri,Myrmotherula sclateri
Myrtis fanny,Myrtis fanny,Myrtis fanny,Myrtis fanny
,Nannopsittaca dachilleae,Nannopsittaca dachilleae,Nannopsittaca dachilleae
,Nasica longirostris,Nasica longirostris,Nasica longirostris
,Nemosia pileata,Nemosia pileata,Nemosia pileata
Atticora tibialis,Atticora tibialis,Neochelidon tibialis,Neochelidon tibialis
,Neochen jubata,Neochen jubata,Neochen jubata
,Neocrex erythrops,Neocrex erythrops,Neocrex erythrops
,Neoctantes niger,Neoctantes niger,Neoctantes niger
Neomorphus geoffroyi,Neomorphus geoffroyi,Neomorphus geoffroyi,Neomorphus geoffroyi
,Neopelma sulphureiventer,Neopelma sulphureiventer,Neopelma sulphureiventer
,Neopipo cinnamomea,Neopipo cinnamomea,Neopipo cinnamomea
Nephelornis oneilli,Nephelornis oneilli,Nephelornis oneilli,Nephelornis oneilli
,Netta erythrophthalma,Netta erythrophthalma,Netta erythrophthalma
Nonnula ruficapilla,Nonnula ruficapilla,Nonnula ruficapilla,Nonnula ruficapilla
,Nonnula sclateri,Nonnula sclateri,Nonnula sclateri
Notharchus hyperrhynchus,Notharchus hyperrhynchus,Notharchus hyperrhynchus,Notharchus hyperrhynchus
,Notharchus ordii,Notharchus ordii,Notharchus ordii
,Notharchus tectus,Notharchus tectus,Notharchus tectus
,Nothocercus julius,Nothocercus julius,Nothocercus julius
Nothocercus nigrocapillus,Nothocercus nigrocapillus,Nothocercus nigrocapillus,Nothocercus nigrocapillus
,Nothoprocta curvirostris,Nothoprocta curvirostris,Nothoprocta curvirostris
Nothoprocta ornata,Nothoprocta ornata,Nothoprocta ornata,Nothoprocta ornata
Nothoprocta pentlandii,Nothoprocta pentlandii,Nothoprocta pentlandii,Nothoprocta pentlandii
,Nothura darwinii,Nothura darwinii,Nothura darwinii
,Orochelidon flavipes,Notiochelidon flavipes,Notiochelidon flavipes
Orochelidon murina,Orochelidon murina,Notiochelidon murina,Notiochelidon murina
,Numenius phaeopus,Numenius phaeopus,Numenius phaeopus
,Nyctibius aethereus,Nyctibius aethereus,Nyctibius aethereus
,Nyctibius bracteatus,Nyctibius bracteatus,Nyctibius bracteatus
,Nyctibius grandis,Nyctibius grandis,Nyctibius grandis
,Nyctibius griseus,Nyctibius griseus,Nyctibius griseus
,Nyctibius maculosus,Nyctibius maculosus,Nyctibius maculosus
,Nycticorax nycticorax,Nycticorax nycticorax,Nycticorax nycticorax
,Nyctidromus albicollis,Nyctidromus albicollis,Nyctidromus albicollis
Nyctiphrynus ocellatus,Nyctiphrynus ocellatus,Nyctiphrynus ocellatus,Nyctiphrynus ocellatus
,Nystalus striolatus,Nystalus striolatus,Nystalus striolatus
Ochthoeca cinnamomeiventris,Ochthoeca cinnamomeiventris,Ochthoeca cinnamomeiventris,Ochthoeca cinnamomeiventris
Ochthoeca frontalis,Silvicultrix frontalis,Ochthoeca frontalis,Ochthoeca frontalis
Ochthoeca fumicolor,Ochthoeca fumicolor,Ochthoeca fumicolor,Ochthoeca fumicolor
Ochthoeca jelskii,Silvicultrix jelskii,Ochthoeca jelskii,Ochthoeca jelskii
Ochthoeca leucophrys,Ochthoeca leucophrys,Ochthoeca leucophrys,Ochthoeca leucophrys
Ochthoeca oenanthoides,Ochthoeca oenanthoides,Ochthoeca oenanthoides,Ochthoeca oenanthoides
Ochthoeca piurae,Ochthoeca piurae,Ochthoeca piurae,Ochthoeca piurae
Ochthoeca pulchella,Silvicultrix pulchella,Ochthoeca pulchella,Ochthoeca pulchella
Ochthoeca rufipectoralis,Ochthoeca rufipectoralis,Ochthoeca rufipectoralis,Ochthoeca rufipectoralis
,Ochthoeca thoracica,Ochthoeca thoracica,Ochthoeca thoracica
,Ochthornis littoralis,Ochthornis littoralis,Ochthornis littoralis
Ocreatus underwoodii,Ocreatus underwoodii,Ocreatus underwoodii,Ocreatus underwoodii
,Odontophorus balliviani,Odontophorus balliviani,Odontophorus balliviani
Odontophorus gujanensis,Odontophorus gujanensis,Odontophorus gujanensis,Odontophorus gujanensis
,Odontophorus speciosus,Odontophorus speciosus,Odontophorus speciosus
,Odontophorus stellatus,Odontophorus stellatus,Odontophorus stellatus
,Odontorchilus branickii,Odontorchilus branickii,Odontorchilus branickii
Onychorhynchus coronatus,Onychorhynchus coronatus,Onychorhynchus coronatus,Onychorhynchus coronatus
,Opisthocomus hoazin,Opisthocomus hoazin,Opisthocomus hoazin
,Oporornis agilis,Oporornis agilis,Oporornis agilis
Oreomanes fraseri,Conirostrum binghami,Oreomanes fraseri,Oreomanes fraseri
Oreonympha nobilis,Oreonympha nobilis,Oreonympha nobilis,Oreonympha nobilis
Oreotrochilus estella,Oreotrochilus estella,Oreotrochilus estella,Oreotrochilus estella
Oreotrochilus melanogaster,Oreotrochilus melanogaster,Oreotrochilus melanogaster,Oreotrochilus melanogaster
,Leptopogon albidiventer,Leptopogon superciliaris,Leptopogon albidiventer
,Ornithion inerme,Ornithion inerme,Ornithion inerme
Ortalis guttata,Ortalis guttata,Ortalis guttata,Ortalis guttata
,Orthopsittaca manilatus,Orthopsittaca manilata,Orthopsittaca manilata
Sporophila angolensis,Sporophila angolensis,Oryzoborus angolensis,Oryzoborus angolensis
,Sporophila atrirostris,Oryzoborus atrirostris,Oryzoborus atrirostris
,Oxyruncus cristatus,Oxyruncus cristatus,Oxyruncus cristatus
,Oxyura ferruginea,Oxyura jamaicensis,Oxyura jamaicensis
Pachyramphus albogriseus,Pachyramphus albogriseus,Pachyramphus albogriseus,Pachyramphus albogriseus
,Pachyramphus castaneus,Pachyramphus castaneus,Pachyramphus castaneus
,Pachyramphus marginatus,Pachyramphus marginatus,Pachyramphus marginatus
Pachyramphus minor,Pachyramphus minor,Pachyramphus minor,Pachyramphus minor
Pachyramphus polychopterus,Pachyramphus polychopterus,Pachyramphus polychopterus,Pachyramphus polychopterus
,Pachyramphus validus,Pachyramphus validus,Pachyramphus validus
Pachyramphus versicolor,Pachyramphus versicolor,Pachyramphus versicolor,Pachyramphus versicolor
,Pachyramphus xanthogenys,Pachyramphus xanthogenys,Pachyramphus xanthogenys
,Pandion haliaetus,Pandion haliaetus,Pandion haliaetus
,Panyptila cayennensis,Panyptila cayennensis,Panyptila cayennensis
,Parabuteo unicinctus,Parabuteo unicinctus,Parabuteo unicinctus
,Pardirallus maculatus,Pardirallus maculatus,Pardirallus maculatus
,Pardirallus nigricans,Pardirallus nigricans,Pardirallus nigricans
,Pardirallus sanguinolentus,Pardirallus sanguinolentus,Pardirallus sanguinolentus
,Parkerthraustes humeralis,Parkerthraustes humeralis,Parkerthraustes humeralis
,Paroaria gularis,Paroaria gularis,Paroaria gularis
Setophaga pitiayumi,Setophaga pitiayumi,Parula pitiayumi,Parula pitiayumi
,Passer domesticus,Passer domesticus,Passer domesticus
,Patagioenas cayennensis,Patagioenas cayennensis,Patagioenas cayennensis
Patagioenas fasciata,Patagioenas albilinea,Patagioenas fasciata,Patagioenas fasciata
Patagioenas maculosa,Patagioenas albipennis,Patagioenas maculosa,Patagioenas maculosa
Patagioenas plumbea,Patagioenas plumbea,Patagioenas plumbea,Patagioenas plumbea
,Patagioenas speciosa,Patagioenas speciosa,Patagioenas speciosa
Patagioenas subvinacea,Patagioenas subvinacea,Patagioenas subvinacea,Patagioenas subvinacea
Patagona gigas,Patagona gigas,Patagona gigas,Patagona gigas
,Penelope barbata,Penelope barbata,Penelope barbata
Penelope jacquacu,Penelope jacquacu,Penelope jacquacu,Penelope jacquacu
Penelope montagnii,Penelope montagnii,Penelope montagnii,Penelope montagnii
,Myrmoborus lophotes,Percnostola lophotes,Percnostola lophotes
,Petrochelidon pyrrhonota,Petrochelidon pyrrhonota,Petrochelidon pyrrhonota
,Petrochelidon rufocollaris,Petrochelidon rufocollaris,Petrochelidon rufocollaris
,Phacellodomus rufifrons,Phacellodomus rufifrons,Phacellodomus rufifrons
Phaeomyias murina,Phaeomyias murina,Phaeomyias murina,Phaeomyias murina
,Phaeomyias tumbezana,Phaeomyias tumbezana,Phaeomyias tumbezana
Myiothlypis fulvicauda,Myiothlypis fulvicauda,Phaeothlypis fulvicauda,Phaeothlypis fulvicauda
Phaethornis atrimentalis,Phaethornis atrimentalis,Phaethornis atrimentalis,Phaethornis atrimentalis
,Phaethornis bourcieri,Phaethornis bourcieri,Phaethornis bourcieri
Phaethornis guy,Phaethornis guy,Phaethornis guy,Phaethornis guy
Phaethornis hispidus,Phaethornis hispidus,Phaethornis hispidus,Phaethornis hispidus
,Phaethornis koepckeae,Phaethornis koepckeae,Phaethornis koepckeae
Phaethornis malaris,Phaethornis malaris,Phaethornis malaris,Phaethornis malaris
Phaethornis philippii,Phaethornis philippii,Phaethornis philippii,Phaethornis philippii
Phaethornis ruber,Phaethornis ruber,Phaethornis ruber,Phaethornis ruber
Phaethornis stuarti,Phaethornis stuarti,Phaethornis stuarti,Phaethornis stuarti
Phaethornis syrmatophorus,Phaethornis syrmatophorus,Phaethornis syrmatophorus,Phaethornis syrmatophorus
,Phalacrocorax brasilianus,Phalacrocorax brasilianus,Phalacrocorax brasilianus
,Phalcoboenus megalopterus,Phalcoboenus megalopterus,Phalcoboenus megalopterus
Pharomachrus antisianus,Pharomachrus antisianus,Pharomachrus antisianus,Pharomachrus antisianus
Pharomachrus auriceps,Pharomachrus auriceps,Pharomachrus auriceps,Pharomachrus auriceps
,Pharomachrus pavoninus,Pharomachrus pavoninus,Pharomachrus pavoninus
,Phegornis mitchellii,Phegornis mitchellii,Phegornis mitchellii
Pheucticus aureoventris,Pheucticus aureoventris,Pheucticus aureoventris,Pheucticus aureoventris
Pheucticus chrysogaster,Pheucticus chrysogaster,Pheucticus chrysogaster,Pheucticus chrysogaster
Philydor erythrocercum,Philydor erythrocercum,Philydor erythrocercum,Philydor erythrocercum
,Philydor erythropterum,Philydor erythropterum,Philydor erythropterum
,Philydor pyrrhodes,Philydor pyrrhodes,Philydor pyrrhodes
,Anabacerthia ruficaudata,Philydor ruficaudatum,Philydor ruficaudatum
,Philydor rufum,Philydor rufum,Philydor rufum
Phlegopsis nigromaculata,Phlegopsis nigromaculata,Phlegopsis nigromaculata,Phlegopsis nigromaculata
,Phleocryptes melanops,Phleocryptes melanops,Phleocryptes melanops
Phlogophilus harterti,Phlogophilus harterti,Phlogophilus harterti,Phlogophilus harterti
,Phoenicircus nigricollis,Phoenicircus nigricollis,Phoenicircus nigricollis
,Phoenicopterus chilensis,Phoenicopterus chilensis,Phoenicopterus chilensis
Phrygilus alaudinus,Corydospiza alaudina,Phrygilus alaudinus,Phrygilus alaudinus
Phrygilus fruticeti,Rhopospina fruticeti,Phrygilus fruticeti,Phrygilus fruticeti
Phrygilus plebejus,Geospizopsis plebejus,Phrygilus plebejus,Phrygilus plebejus
Phrygilus punensis,Phrygilus punensis,Phrygilus punensis,Phrygilus punensis
Phrygilus unicolor,Geospizopsis unicolor,Phrygilus unicolor,Phrygilus unicolor
Phyllomyias cinereiceps,Phyllomyias cinereiceps,Phyllomyias cinereiceps,Phyllomyias cinereiceps
,Phyllomyias griseiceps,Phyllomyias griseiceps,Phyllomyias griseiceps
Phyllomyias nigrocapillus,Phyllomyias nigrocapillus,Phyllomyias nigrocapillus,Phyllomyias nigrocapillus
Phyllomyias plumbeiceps,Phyllomyias plumbeiceps,Phyllomyias plumbeiceps,Phyllomyias plumbeiceps
Phyllomyias uropygialis,Phyllomyias uropygialis,Phyllomyias uropygialis,Phyllomyias uropygialis
Phylloscartes ophthalmicus,Pogonotriccus ophthalmicus,Phylloscartes ophthalmicus,Phylloscartes ophthalmicus
,Pogonotriccus orbitalis,Phylloscartes orbitalis,Phylloscartes orbitalis
,Phylloscartes parkeri,Phylloscartes parkeri,Phylloscartes parkeri
Phylloscartes poecilotis,Pogonotriccus poecilotis,Phylloscartes poecilotis,Phylloscartes poecilotis
Phylloscartes ventralis,Phylloscartes ventralis,Phylloscartes ventralis,Phylloscartes ventralis
,Phytotoma raimondii,Phytotoma raimondii,Phytotoma raimondii
Piaya cayana,Piaya cayana,Piaya cayana,Piaya cayana
,Piaya melanogaster,Piaya melanogaster,Piaya melanogaster
Picoides fumigatus,Leuconotopicus fumigatus,Picoides fumigatus,Picoides fumigatus
,Piculus chrysochloros,Piculus chrysochloros,Piculus chrysochloros
,Piculus flavigula,Piculus flavigula,Piculus flavigula
,Piculus leucolaemus,Piculus leucolaemus,Piculus leucolaemus
,Picumnus aurifrons,Picumnus aurifrons,Picumnus aurifrons
,Picumnus dorbignyanus,Picumnus dorbignyanus,Picumnus dorbignyanus
,Picumnus lafresnayi,Picumnus lafresnayi,Picumnus lafresnayi
,Picumnus rufiventris,Picumnus rufiventris,Picumnus rufiventris
Picumnus subtilis,Picumnus subtilis,Picumnus subtilis,Picumnus subtilis
,Pilherodius pileatus,Pilherodius pileatus,Pilherodius pileatus
,Pionites xanthomerius,Pionites leucogaster,Pionites leucogaster
Pionus menstruus,Pionus menstruus,Pionus menstruus,Pionus menstruus
,Myiophobus crypterythrus,Myiophobus fasciatus,Myiophobus crypterythrus
,Pionus sordidus,Pionus sordidus,Pionus sordidus
Pionus tumultuosus,Pionus tumultuosus,Pionus tumultuosus,Pionus tumultuosus
,Pipile cumanensis,Pipile cumanensis,Pipile cumanensis
Ceratopipra chloromeros,Ceratopipra chloromeros,Pipra chloromeros,Pipra chloromeros
,Ceratopipra erythrocephala,Pipra erythrocephala,Pipra erythrocephala
Pipra fasciicauda,Pipra fasciicauda,Pipra fasciicauda,Pipra fasciicauda
,Pseudopipra pipra,Pipra pipra,Pipra pipra
,Ceratopipra rubrocapilla,Pipra rubrocapilla,Pipra rubrocapilla
Pipraeidea melanonota,Pipraeidea melanonota,Pipraeidea melanonota,Pipraeidea melanonota
Pipreola arcuata,Pipreola arcuata,Pipreola arcuata,Pipreola arcuata
Pipreola frontalis,Pipreola frontalis,Pipreola frontalis,Pipreola frontalis
Pipreola intermedia,Pipreola intermedia,Pipreola intermedia,Pipreola intermedia
,Pipreola lubomirskii,Pipreola lubomirskii,Pipreola lubomirskii
,Pipreola pulchra,Pipreola pulchra,Pipreola pulchra
Pipreola riefferii,Pipreola riefferii,Pipreola riefferii,Pipreola riefferii
Piprites chloris,Piprites chloris,Piprites chloris,Piprites chloris
,Piranga hepatica,Piranga hepatica,Piranga hepatica
Piranga leucoptera,Piranga leucoptera,Piranga leucoptera,Piranga leucoptera
,Piranga olivacea,Piranga olivacea,Piranga olivacea
,Piranga rubra,Piranga rubra,Piranga rubra
,Piranga rubriceps,Piranga rubriceps,Piranga rubriceps
,Philohydor lictor,Pitangus lictor,Pitangus lictor
Pitangus sulphuratus,Pitangus sulphuratus,Pitangus sulphuratus,Pitangus sulphuratus
,Pithys albifrons,Pithys albifrons,Pithys albifrons
,Platyrinchus coronatus,Platyrinchus coronatus,Platyrinchus coronatus
Platyrinchus flavigularis,Platyrinchus flavigularis,Platyrinchus flavigularis,Platyrinchus flavigularis
Platyrinchus mystaceus,Platyrinchus albogularis,Platyrinchus mystaceus,Platyrinchus mystaceus
Platyrinchus platyrhynchos,Platyrinchus platyrhynchos,Platyrinchus platyrhynchos,Platyrinchus platyrhynchos
,Plegadis ridgwayi,Plegadis ridgwayi,Plegadis ridgwayi
,Pluvialis dominica,Pluvialis dominica,Pluvialis dominica
,Podiceps major,Podiceps major,Podiceps major
,Podiceps juninensis,Podiceps occipitalis,Podiceps occipitalis
Poecilotriccus latirostris,Poecilotriccus latirostris,Poecilotriccus latirostris,Poecilotriccus latirostris
,Poecilotriccus plumbeiceps,Poecilotriccus plumbeiceps,Poecilotriccus plumbeiceps
,Poecilotriccus pulchellus,Poecilotriccus pulchellus,Poecilotriccus pulchellus
,Myiophobus rufescens,Myiophobus fasciatus,Myiophobus rufescens
Polioptila plumbea,Polioptila plumbea,Polioptila plumbea,Polioptila plumbea
Polioxolmis rufipennis,Polioxolmis rufipennis,Polioxolmis rufipennis,Polioxolmis rufipennis
Polyonymus caroli,Polyonymus caroli,Polyonymus caroli,Polyonymus caroli
Poospiza hispaniolensis,Poospiza hispaniolensis,Poospiza hispaniolensis,Poospiza hispaniolensis
Poospiza rubecula,Poospiza rubecula,Poospiza rubecula,Poospiza rubecula
,Porphyrio flavirostris,Porphyrio flavirostris,Porphyrio flavirostris
,Porphyrio martinicus,Porphyrio martinica,Porphyrio martinica
,Porphyrolaema porphyrolaema,Porphyrolaema porphyrolaema,Porphyrolaema porphyrolaema
Premnoplex brunnescens,Premnoplex brunnescens,Premnoplex brunnescens,Premnoplex brunnescens
Premnornis guttuliger,Premnornis guttuliger,Premnornis guttuligera,Premnornis guttuligera
,Primolius couloni,Primolius couloni,Primolius couloni
Progne chalybea,Progne chalybea,Progne chalybea,Progne chalybea
,Progne elegans,Progne elegans,Progne elegans
,Progne murphyi,Progne murphyi,Progne murphyi
,Progne subis,Progne subis,Progne subis
,Progne tapera,Progne tapera,Progne tapera
Psarocolius angustifrons,Psarocolius angustifrons,Psarocolius angustifrons,Psarocolius angustifrons
,Psarocolius atrovirens,Psarocolius atrovirens,Psarocolius atrovirens
,Psarocolius yuracares,Psarocolius bifasciatus,Psarocolius bifasciatus
Psarocolius decumanus,Psarocolius decumanus,Psarocolius decumanus,Psarocolius decumanus
Pseudelaenia leucospodia,Pseudelaenia leucospodia,Pseudelaenia leucospodia,Pseudelaenia leucospodia
Pseudocolaptes boissonneautii,Pseudocolaptes boissonneauii,Pseudocolaptes boissonneautii,Pseudocolaptes boissonneautii
,Pseudocolopteryx acutipennis,Pseudocolopteryx acutipennis,Pseudocolopteryx acutipennis
Pseudotriccus ruficeps,Pseudotriccus ruficeps,Pseudotriccus ruficeps,Pseudotriccus ruficeps
,Pseudotriccus simplex,Pseudotriccus simplex,Pseudotriccus simplex
Psilopsiagon aurifrons,Psilopsiagon aurifrons,Psilopsiagon aurifrons,Psilopsiagon aurifrons
,Psophia leucoptera,Psophia leucoptera,Psophia leucoptera
Pteroglossus azara,Pteroglossus azara,Pteroglossus azara,Pteroglossus azara
Pteroglossus beauharnaesii,Pteroglossus beauharnaisii,Pteroglossus beauharnaesii,Pteroglossus beauharnaesii
Pteroglossus castanotis,Pteroglossus castanotis,Pteroglossus castanotis,Pteroglossus castanotis
Pteroglossus inscriptus,Pteroglossus humboldti,Pteroglossus inscriptus,Pteroglossus inscriptus
Pterophanes cyanopterus,Pterophanes cyanopterus,Pterophanes cyanopterus,Pterophanes cyanopterus
Pulsatrix melanota,Pulsatrix melanota,Pulsatrix melanota,Pulsatrix melanota
,Pulsatrix perspicillata,Pulsatrix perspicillata,Pulsatrix perspicillata
,Pygiptila stellaris,Pygiptila stellaris,Pygiptila stellaris
Pygochelidon cyanoleuca,Pygochelidon cyanoleuca,Pygochelidon cyanoleuca,Pygochelidon cyanoleuca
Pyriglena leuconota,Pyriglena leuconota,Pyriglena leuconota,Pyriglena leuconota
,Pyrilia barrabandi,Pyrilia barrabandi,Pyrilia barrabandi
Pyrocephalus rubinus,Pyrocephalus rubinus,Pyrocephalus rubinus,Pyrocephalus rubinus
Pyroderus scutatus,Pyroderus scutatus,Pyroderus scutatus,Pyroderus scutatus
Pyrrhomyias cinnamomeus,Pyrrhomyias cinnamomeus,Pyrrhomyias cinnamomeus,Pyrrhomyias cinnamomeus
,Pyrrhura melanura,Pyrrhura melanura,Pyrrhura melanura
,Oreotrochilus stolzmanni,Oreotrochilus estella,Oreotrochilus stolzmanni
Piezorina cinerea,,Piezorhina cinerea,Piezorina cinerea
,Pyrrhura rupicola,Pyrrhura rupicola,Pyrrhura rupicola
Querula purpurata,Querula purpurata,Querula purpurata,Querula purpurata
,Ramphastos ambiguus,Ramphastos ambiguus,Ramphastos ambiguus
Ramphastos tucanus,Ramphastos cuvieri,Ramphastos tucanus,Ramphastos tucanus
Ramphastos vitellinus,Ramphastos culminatus,Ramphastos vitellinus,Ramphastos vitellinus
Ramphocaenus melanurus,Ramphocaenus melanurus,Ramphocaenus melanurus,Ramphocaenus melanurus
Ramphocelus carbo,Ramphocelus carbo,Ramphocelus carbo,Ramphocelus carbo
,Ramphocelus melanogaster,Ramphocelus melanogaster,Ramphocelus melanogaster
Ramphocelus nigrogularis,Ramphocelus nigrogularis,Ramphocelus nigrogularis,Ramphocelus nigrogularis
,Ramphotrigon fuscicauda,Ramphotrigon fuscicauda,Ramphotrigon fuscicauda
,Ramphotrigon megacephalum,Ramphotrigon megacephalum,Ramphotrigon megacephalum
,Ramphotrigon ruficauda,Ramphotrigon ruficauda,Ramphotrigon ruficauda
,Recurvirostra andina,Recurvirostra andina,Recurvirostra andina
Rhegmatorhina melanosticta,Rhegmatorhina melanosticta,Rhegmatorhina melanosticta,Rhegmatorhina melanosticta
,Rhodopis vesper,Rhodopis vesper,Rhodopis vesper
,Rhynchocyclus fulvipectus,Rhynchocyclus fulvipectus,Rhynchocyclus fulvipectus
,Rhynchocyclus aequinoctialis,Rhynchocyclus olivaceus,Rhynchocyclus olivaceus
Rhytipterna simplex,Rhytipterna simplex,Rhytipterna simplex,Rhytipterna simplex
,Riparia riparia,Riparia riparia,Riparia riparia
,Rollandia rolland,Rollandia rolland,Rollandia rolland
,Rostrhamus sociabilis,Rostrhamus sociabilis,Rostrhamus sociabilis
Rupicola peruvianus,Rupicola peruvianus,Rupicola peruvianus,Rupicola peruvianus
,Rynchops niger,Rynchops niger,Rynchops niger
Thamnophilus bernardi,Thamnophilus shumbae,Sakesphorus bernardi,Sakesphorus bernardi
Saltator aurantiirostris,Saltator aurantiirostris,Saltator aurantiirostris,Saltator aurantiirostris
,Saltator cinctus,Saltator cinctus,Saltator cinctus
,Saltator coerulescens,Saltator coerulescens,Saltator coerulescens
,Saltator grossus,Saltator grossus,Saltator grossus
Saltator maximus,Saltator maximus,Saltator maximus,Saltator maximus
Saltator striatipectus,Saltator striatipectus,Saltator striatipectus,Saltator striatipectus
Sarcoramphus papa,Sarcoramphus papa,Sarcoramphus papa,Sarcoramphus papa
,Sarkidiornis sylvicola,Sarkidiornis melanotos,Sarkidiornis melanotos
,Satrapa icterophrys,Satrapa icterophrys,Satrapa icterophrys
Sayornis nigricans,Sayornis nigricans,Sayornis nigricans,Sayornis nigricans
,Schiffornis major,Schiffornis major,Schiffornis major
Schiffornis turdina,Schiffornis turdina,Schiffornis turdina,Schiffornis turdina
Schistes geoffroyi,Schistes geoffroyi,Schistes geoffroyi,Schistes geoffroyi
Schistochlamys melanopis,Schistochlamys melanopis,Schistochlamys melanopis,Schistochlamys melanopis
,Myrmelastes brunneiceps,Schistocichla brunneiceps,Schistocichla brunneiceps
Schistocichla leucostigma,Myrmelastes leucostigma,Schistocichla leucostigma,Schistocichla leucostigma
Asthenes fuliginosa,Asthenes fuliginosa,Schizoeaca fuliginosa,Schizoeaca fuliginosa
Asthenes helleri,Asthenes helleri,Schizoeaca helleri,Schizoeaca helleri
Sclateria naevia,Sclateria naevia,Sclateria naevia,Sclateria naevia
Sclerurus albigularis,Sclerurus albigularis,Sclerurus albigularis,Sclerurus albigularis
Sclerurus caudacutus,Sclerurus caudacutus,Sclerurus caudacutus,Sclerurus caudacutus
Sclerurus mexicanus,Sclerurus mexicanus,Sclerurus mexicanus,Sclerurus mexicanus
,Sclerurus rufigularis,Sclerurus rufigularis,Sclerurus rufigularis
Scytalopus acutirostris,Scytalopus acutirostris,Scytalopus acutirostris,Scytalopus acutirostris
,Scytalopus altirostris,Scytalopus altirostris,Scytalopus altirostris
Scytalopus atratus,Scytalopus atratus,Scytalopus atratus,Scytalopus atratus
,Scytalopus femoralis,Scytalopus femoralis,Scytalopus femoralis
,Scytalopus latrans,Scytalopus latrans,Scytalopus latrans
,Scytalopus macropus,Scytalopus macropus,Scytalopus macropus
Scytalopus parvirostris,Scytalopus parvirostris,Scytalopus parvirostris,Scytalopus parvirostris
,Scytalopus schulenbergi,Scytalopus schulenbergi,Scytalopus schulenbergi
Selenidera reinwardtii,Selenidera langsdorffii,Selenidera reinwardtii,Selenidera reinwardtii
Sericossypha albocristata,Sericossypha albocristata,Sericossypha albocristata,Sericossypha albocristata
,Serpophaga cinerea,Serpophaga cinerea,Serpophaga cinerea
,Setophaga ruticilla,Setophaga ruticilla,Setophaga ruticilla
Sicalis flaveola,Sicalis flaveola,Sicalis flaveola,Sicalis flaveola
Sicalis luteola,Sicalis luteola,Sicalis luteola,Sicalis luteola
,Sicalis uropigyalis,Sicalis uropygialis,Sicalis uropygialis
Simoxenops ucayalae,Syndactyla ucayalae,Simoxenops ucayalae,Simoxenops ucayalae
,Sirystes albocinereus,Sirystes sibilator,Sirystes sibilator
Sittasomus griseicapillus,Sittasomus griseicapillus,Sittasomus griseicapillus,Sittasomus griseicapillus
Snowornis cryptolophus,Snowornis cryptolophus,Snowornis cryptolophus,Snowornis cryptolophus
,Spizaetus isidori,Spizaetus isidori,Spizaetus isidori
,Spizaetus melanoleucus,Spizaetus melanoleucus,Spizaetus melanoleucus
,Spizaetus ornatus,Spizaetus ornatus,Spizaetus ornatus
,Spizaetus tyrannus,Spizaetus tyrannus,Spizaetus tyrannus
,Sporophila bouvronides,Sporophila bouvronides,Sporophila bouvronides
Sporophila caerulescens,Sporophila caerulescens,Sporophila caerulescens,Sporophila caerulescens
Sporophila castaneiventris,Sporophila castaneiventris,Sporophila castaneiventris,Sporophila castaneiventris
,Sporophila lineola,Sporophila lineola,Sporophila lineola
Sporophila luctuosa,Sporophila luctuosa,Sporophila luctuosa,Sporophila luctuosa
Sporophila nigricollis,Sporophila nigricollis,Sporophila nigricollis,Sporophila nigricollis
Sporophila peruviana,Sporophila peruviana,Sporophila peruviana,Sporophila peruviana
,Sporophila schistacea,Sporophila schistacea,Sporophila schistacea
,Sporophila simplex,Sporophila simplex,Sporophila simplex
Sporophila telasco,Sporophila telasco,Sporophila telasco,Sporophila telasco
,Steatornis caripensis,Steatornis caripensis,Steatornis caripensis
,Steganopus tricolor,Steganopus tricolor,Steganopus tricolor
Stelgidopteryx ruficollis,Stelgidopteryx ruficollis,Stelgidopteryx ruficollis,Stelgidopteryx ruficollis
,Sternula superciliaris,Sterna superciliaris,Sterna superciliaris
Streptoprocne rutila,Streptoprocne rutila,Streptoprocne rutila,Streptoprocne rutila
,Streptoprocne zonaris,Streptoprocne zonaris,Streptoprocne zonaris
,Ciccaba albitarsis,Strix albitarsis,Strix albitarsis
,Ciccaba huhula,Strix huhula,Strix huhula
,Ciccaba virgata,Strix virgata,Strix virgata
,Leistes bellicosus,Sturnella bellicosa,Sturnella bellicosa
Sturnella militaris,Leistes militaris,Sturnella militaris,Sturnella militaris
,Sublegatus modestus,Sublegatus modestus,Sublegatus modestus
,Sublegatus obscurior,Sublegatus obscurior,Sublegatus obscurior
,Synallaxis albigularis,Synallaxis albigularis,Synallaxis albigularis
Synallaxis azarae,Synallaxis azarae,Synallaxis azarae,Synallaxis azarae
Synallaxis cabanisi,Synallaxis cabanisi,Synallaxis cabanisi,Synallaxis cabanisi
Synallaxis gujanensis,Synallaxis gujanensis,Synallaxis gujanensis,Synallaxis gujanensis
,Synallaxis hypospodia,Synallaxis hypospodia,Synallaxis hypospodia
Synallaxis rutilans,Synallaxis rutilans,Synallaxis rutilans,Synallaxis rutilans
Synallaxis unirufa,Synallaxis unirufa,Synallaxis unirufa,Synallaxis unirufa
Syndactyla rufosuperciliata,Syndactyla rufosuperciliata,Syndactyla rufosuperciliata,Syndactyla rufosuperciliata
Syndactyla subalaris,Syndactyla subalaris,Syndactyla subalaris,Syndactyla subalaris
,Pionus seniloides,Pionus tumultuosus,Pionus seniloides
,Polioptila maior,Polioptila plumbea,Polioptila maior
,Tachornis squamata,Tachornis squamata,Tachornis squamata
,Tachuris rubrigastra,Tachuris rubrigastra,Tachuris rubrigastra
,Tachybaptus dominicus,Tachybaptus dominicus,Tachybaptus dominicus
,Tachycineta albiventer,Tachycineta albiventer,Tachycineta albiventer
,Tachycineta stolzmanni,Tachycineta stolzmanni,Tachycineta stolzmanni
,Islerothraupis cristata,Tachyphonus cristatus,Tachyphonus cristatus
,Islerothraupis luctuosa,Tachyphonus luctuosus,Tachyphonus luctuosus
,Islerothraupis rufiventer,Tachyphonus rufiventer,Tachyphonus rufiventer
Tachyphonus rufus,Tachyphonus rufus,Tachyphonus rufus,Tachyphonus rufus
,Maschalethraupis surinama,Tachyphonus surinamus,Tachyphonus surinamus
Tangara arthus,Tangara aurulenta,Tangara arthus,Tangara arthus
,Pyrrhura parvifrons,Pyrrhura picta,Pyrrhura parvifrons
,Tangara callophrys,Tangara callophrys,Tangara callophrys
Tangara chilensis,Tangara chilensis,Tangara chilensis,Tangara chilensis
,Tangara chrysotis,Tangara chrysotis,Tangara chrysotis
Tangara cyanicollis,Tangara cyanicollis,Tangara cyanicollis,Tangara cyanicollis
,Tangara cyanotis,Tangara cyanotis,Tangara cyanotis
Pyrrhura roseifrons,Pyrrhura roseifrons,Pyrrhura picta,Pyrrhura roseifrons
,Tangara gyrola,Tangara gyrola,Tangara gyrola
,Tangara labradorides,Tangara labradorides,Tangara labradorides
Tangara mexicana,Tangara mexicana,Tangara mexicana,Tangara mexicana
,Tangara nigrocincta,Tangara nigrocincta,Tangara nigrocincta
Tangara nigroviridis,Tangara nigroviridis,Tangara nigroviridis,Tangara nigroviridis
Tangara parzudakii,Tangara parzudakii,Tangara parzudakii,Tangara parzudakii
,Tangara ruficervix,Tangara ruficervix,Tangara ruficervix
Tangara schrankii,Tangara schrankii,Tangara schrankii,Tangara schrankii
Tangara vassorii,Tangara vassorii,Tangara vassorii,Tangara vassorii
Tangara velia,Tangara velia,Tangara velia,Tangara velia
Tangara viridicollis,Tangara viridicollis,Tangara viridicollis,Tangara viridicollis
Tangara xanthocephala,Tangara xanthocephala,Tangara xanthocephala,Tangara xanthocephala
,Tangara xanthogastra,Tangara xanthogastra,Tangara xanthogastra
,Tapera naevia,Tapera naevia,Tapera naevia
Taphrospilus hypostictus,Taphrospilus hypostictus,Taphrospilus hypostictus,Taphrospilus hypostictus
,Taraba major,Taraba major,Taraba major
Terenotriccus erythrurus,Terenotriccus erythrurus,Terenotriccus erythrurus,Terenotriccus erythrurus
Euchrepomis callinota,Euchrepomis callinota,Terenura callinota,Terenura callinota
,Euchrepomis humeralis,Terenura humeralis,Terenura humeralis
,Euchrepomis sharpei,Terenura sharpei,Terenura sharpei
,Tersina viridis,Tersina viridis,Tersina viridis
Thalurania furcata,Thalurania furcata,Thalurania furcata,Thalurania furcata
Thamnistes anabatinus,Thamnistes aequatorialis,Thamnistes anabatinus,Thamnistes anabatinus
Thamnomanes ardesiacus,Thamnomanes ardesiacus,Thamnomanes ardesiacus,Thamnomanes ardesiacus
Thamnomanes schistogynus,Thamnomanes schistogynus,Thamnomanes schistogynus,Thamnomanes schistogynus
Thamnophilus aethiops,Thamnophilus aethiops,Thamnophilus aethiops,Thamnophilus aethiops
,Thamnophilus amazonicus,Thamnophilus amazonicus,Thamnophilus amazonicus
Thamnophilus caerulescens,Thamnophilus caerulescens,Thamnophilus caerulescens,Thamnophilus caerulescens
Thamnophilus doliatus,Thamnophilus doliatus,Thamnophilus doliatus,Thamnophilus doliatus
Thamnophilus murinus,Thamnophilus murinus,Thamnophilus murinus,Thamnophilus murinus
Thamnophilus palliatus,Thamnophilus palliatus,Thamnophilus palliatus,Thamnophilus palliatus
Thamnophilus schistaceus,Thamnophilus schistaceus,Thamnophilus schistaceus,Thamnophilus schistaceus
Thamnophilus tenuepunctatus,Thamnophilus tenuepunctatus,Thamnophilus tenuepunctatus,Thamnophilus tenuepunctatus
,Thamnophilus unicolor,Thamnophilus unicolor,Thamnophilus unicolor
,Thaumastura cora,Thaumastura cora,Thaumastura cora
,Theristicus melanopis,Theristicus melanopis,Theristicus melanopis
,Thinocorus orbignyianus,Thinocorus orbignyianus,Thinocorus orbignyianus
,Thinocorus rumicivorus,Thinocorus rumicivorus,Thinocorus rumicivorus
Thlypopsis inornata,Thlypopsis inornata,Thlypopsis inornata,Thlypopsis inornata
Thlypopsis ornata,Thlypopsis ornata,Thlypopsis ornata,Thlypopsis ornata
Thlypopsis ruficeps,Thlypopsis ruficeps,Thlypopsis ruficeps,Thlypopsis ruficeps
,Thlypopsis sordida,Thlypopsis sordida,Thlypopsis sordida
Pipraeidea bonariensis,Pipraeidea darwinii,Thraupis bonariensis,Thraupis bonariensis
Thraupis bonariensis,Pipraeidea darwinii,Thraupis bonariensis,Thraupis bonariensis
Thraupis cyanocephala,Sporathraupis cyanocephala,Thraupis cyanocephala,Thraupis cyanocephala
Thraupis episcopus,Tangara episcopus,Thraupis episcopus,Thraupis episcopus
Thraupis palmarum,Tangara palmarum,Thraupis palmarum,Thraupis palmarum
,Tangara sayaca,Thraupis sayaca,Thraupis sayaca
Threnetes leucurus,Threnetes leucurus,Threnetes leucurus,Threnetes leucurus
,Thripadectes flammulatus,Thripadectes flammulatus,Thripadectes flammulatus
Thripadectes holostictus,Thripadectes holostictus,Thripadectes holostictus,Thripadectes holostictus
Thripadectes melanorhynchus,Thripadectes melanorhynchus,Thripadectes melanorhynchus,Thripadectes melanorhynchus
,Thripadectes scrutator,Thripadectes scrutator,Thripadectes scrutator
,Pheugopedius coraya,Thryothorus coraya,Thryothorus coraya
Pheugopedius euophrys,Pheugopedius schulenbergi,Thryothorus euophrys,Thryothorus euophrys
Pheugopedius genibarbis,Pheugopedius genibarbis,Thryothorus genibarbis,Thryothorus genibarbis
,Cantorchilus leucotis,Thryothorus leucotis,Thryothorus leucotis
Cantorchilus superciliaris,Cantorchilus superciliaris,Thryothorus superciliaris,Thryothorus superciliaris
Tiaris obscurus,Asemospiza obscura,Tiaris obscurus,Tiaris obscurus
,Tigrisoma fasciatum,Tigrisoma fasciatum,Tigrisoma fasciatum
,Tigrisoma lineatum,Tigrisoma lineatum,Tigrisoma lineatum
,Tinamotis pentlandii,Tinamotis pentlandii,Tinamotis pentlandii
,Tinamus guttatus,Tinamus guttatus,Tinamus guttatus
,Tinamus major,Tinamus major,Tinamus major
,Tinamus osgoodi,Tinamus osgoodi,Tinamus osgoodi
,Tinamus tao,Tinamus tao,Tinamus tao
Tityra cayana,Tityra cayana,Tityra cayana,Tityra cayana
,Tityra inquisitor,Tityra inquisitor,Tityra inquisitor
Tityra semifasciata,Tityra semifasciata,Tityra semifasciata,Tityra semifasciata
,Todirostrum chrysocrotaphum,Todirostrum chrysocrotaphum,Todirostrum chrysocrotaphum
Todirostrum cinereum,Todirostrum cinereum,Todirostrum cinereum,Todirostrum cinereum
,Todirostrum maculatum,Todirostrum maculatum,Todirostrum maculatum
,Tolmomyias assimilis,Tolmomyias assimilis,Tolmomyias assimilis
Tolmomyias poliocephalus,Tolmomyias poliocephalus,Tolmomyias poliocephalus,Tolmomyias poliocephalus
,Tolmomyias sulphurescens,Tolmomyias sulphurescens,Tolmomyias sulphurescens
,Tolmomyias viridiceps,Tolmomyias viridiceps,Tolmomyias viridiceps
,Touit huetii,Touit huetii,Touit huetii
Trichothraupis melanops,Trichothraupis melanops,Trichothraupis melanops,Trichothraupis melanops
,Tringa flavipes,Tringa flavipes,Tringa flavipes
,Tringa melanoleuca,Tringa melanoleuca,Tringa melanoleuca
,Tringa solitaria,Tringa solitaria,Tringa solitaria
Troglodytes aedon,Troglodytes aedon,Troglodytes aedon,Troglodytes aedon
Troglodytes solstitialis,Troglodytes solstitialis,Troglodytes solstitialis,Troglodytes solstitialis
Trogon collaris,Trogon collaris,Trogon collaris,Trogon collaris
,Trogon curucui,Trogon curucui,Trogon curucui
Trogon melanurus,Trogon melanurus,Trogon melanurus,Trogon melanurus
Trogon personatus,Trogon personatus,Trogon personatus,Trogon personatus
,Trogon rufus,Trogon rufus,Trogon rufus
,Trogon violaceus,Trogon violaceus,Trogon violaceus
Trogon viridis,Trogon viridis,Trogon viridis,Trogon viridis
,Calidris subruficollis,Tryngites subruficollis,Tryngites subruficollis
Turdus albicollis,Turdus albicollis,Turdus albicollis,Turdus albicollis
Turdus amaurochalinus,Turdus amaurochalinus,Turdus amaurochalinus,Turdus amaurochalinus
Turdus chiguanco,Turdus chiguanco,Turdus chiguanco,Turdus chiguanco
,Turdus fulviventris,Turdus fulviventris,Turdus fulviventris
Turdus fuscater,Turdus fuscater,Turdus fuscater,Turdus fuscater
Turdus hauxwelli,Turdus hauxwelli,Turdus hauxwelli,Turdus hauxwelli
Turdus ignobilis,Turdus debilis,Turdus ignobilis,Turdus ignobilis
,Turdus lawrencii,Turdus lawrencii,Turdus lawrencii
Turdus leucops,Turdus leucops,Turdus leucops,Turdus leucops
,Turdus maranonicus,Turdus maranonicus,Turdus maranonicus
Turdus nigriceps,Turdus nigriceps,Turdus nigriceps,Turdus nigriceps
Turdus serranus,Turdus serranus,Turdus serranus,Turdus serranus
,Tyranneutes stolzmanni,Tyranneutes stolzmanni,Tyranneutes stolzmanni
,Tyrannopsis sulphurea,Tyrannopsis sulphurea,Tyrannopsis sulphurea
Tyrannulus elatus,Tyrannulus elatus,Tyrannulus elatus,Tyrannulus elatus
,Tyrannus albogularis,Tyrannus albogularis,Tyrannus albogularis
Tyrannus melancholicus,Tyrannus melancholicus,Tyrannus melancholicus,Tyrannus melancholicus
,Tyrannus savana,Tyrannus savana,Tyrannus savana
,Tyrannus tyrannus,Tyrannus tyrannus,Tyrannus tyrannus
,Tyto alba,Tyto alba,Tyto alba
Upucerthia validirostris,Upucerthia validirostris,Upucerthia validirostris,Upucerthia validirostris
,Uropsalis lyra,Uropsalis lyra,Uropsalis lyra
Uropsalis segmentata,Uropsalis segmentata,Uropsalis segmentata,Uropsalis segmentata
,Urosticte ruficrissa,Urosticte ruficrissa,Urosticte ruficrissa
,Hoploxypterus cayanus,Vanellus cayanus,Vanellus cayanus
,Vanellus chilensis,Vanellus chilensis,Vanellus chilensis
,Vanellus resplendens,Vanellus resplendens,Vanellus resplendens
,Veniliornis affinis,Veniliornis affinis,Veniliornis affinis
Veniliornis callonotus,Veniliornis callonotus,Veniliornis callonotus,Veniliornis callonotus
,Veniliornis passerinus,Veniliornis passerinus,Veniliornis passerinus
,Vireo flavoviridis,Vireo flavoviridis,Vireo flavoviridis
Vireo leucophrys,Vireo leucophrys,Vireo leucophrys,Vireo leucophrys
Vireo olivaceus,Vireo olivaceus,Vireo olivaceus,Vireo olivaceus
,Vireolanius leucotis,Vireolanius leucotis,Vireolanius leucotis
Volatinia jacarina,Volatinia jacarina,Volatinia jacarina,Volatinia jacarina
,Vultur gryphus,Vultur gryphus,Vultur gryphus
Willisornis poecilinotus,Willisornis poecilinotus,Willisornis poecilinotus,Willisornis poecilinotus
,Cardellina canadensis,Wilsonia canadensis,Wilsonia canadensis
Xenodacnis parina,Xenodacnis parina,Xenodacnis parina,Xenodacnis parina
,Cryptopipo holochlora,Xenopipo holochlora,Xenopipo holochlora
Chloropipo unicolor,Chloropipo unicolor,Xenopipo unicolor,Xenopipo unicolor
,Microxenops milleri,Xenops milleri,Xenops milleri
Xenops minutus,Xenops genibarbis,Xenops minutus,Xenops minutus
Xenops rutilans,Xenops rutilus,Xenops rutilans,Xenops rutilans
,Xenops tenuirostris,Xenops tenuirostris,Xenops tenuirostris
Xiphocolaptes promeropirhynchus,Xiphocolaptes promeropirhynchus,Xiphocolaptes promeropirhynchus,Xiphocolaptes promeropirhynchus
Xiphorhynchus elegans,Xiphorhynchus elegans,Xiphorhynchus elegans,Xiphorhynchus elegans
Xiphorhynchus guttatus,Xiphorhynchus guttatoides,Xiphorhynchus guttatus,Xiphorhynchus guttatus
,Xiphorhynchus obsoletus,Xiphorhynchus obsoletus,Xiphorhynchus obsoletus
Xiphorhynchus ocellatus,Xiphorhynchus chunchotambo,Xiphorhynchus ocellatus,Xiphorhynchus ocellatus
Xiphorhynchus triangularis,Xiphorhynchus triangularis,Xiphorhynchus triangularis,Xiphorhynchus triangularis
Zaratornis stresemanni,Zaratornis stresemanni,Zaratornis stresemanni,Zaratornis stresemanni
,Zebrilus undulatus,Zebrilus undulatus,Zebrilus undulatus
Zenaida auriculata,Zenaida auriculata,Zenaida auriculata,Zenaida auriculata
Zenaida meloda,Zenaida meloda,Zenaida meloda,Zenaida meloda
Zimmerius bolivianus,Zimmerius bolivianus,Zimmerius bolivianus,Zimmerius bolivianus
,Zimmerius chrysops,Zimmerius chrysops,Zimmerius chrysops
,Zimmerius cinereicapilla,Zimmerius cinereicapilla,Zimmerius cinereicapilla
,Zimmerius gracilipes,Zimmerius gracilipes,Zimmerius gracilipes
Zimmerius viridiflavus,Zimmerius viridiflavus,Zimmerius viridiflavus,Zimmerius viridiflavus
Zonotrichia capensis,Zonotrichia capensis,Zonotrichia capensis,Zonotrichia capensis
Agelasticus thilius,,Agelasticus thilius,Agelasticus thilius
Amazilia amazilia,,Amazilia amazilia,Amazilia amazilia
Anairetes alpinus,,Anairetes alpinus,Anairetes alpinus
Anairetes nigrocristatus,,Anairetes nigrocristatus,Anairetes nigrocristatus
Arremon castaneiceps,,Arremon castaneiceps,Arremon castaneiceps
Asthenes dorbignyi,,Asthenes dorbignyi,Asthenes dorbignyi
Asthenes palpebralis,,Schizoeaca palpebralis,Schizoeaca palpebralis
Atlapetes melanopsis,,Atlapetes melanopsis,Atlapetes melanopsis
Atlapetes rufigenis,,Atlapetes rufigenis,Atlapetes rufigenis
Basileuterus bivittatus,,Basileuterus bivittatus,Basileuterus bivittatus
Basileuterus signatus,,Basileuterus signatus,Basileuterus signatus
Campylopterus villaviscensio,,Campylopterus villaviscensio,Campylopterus villaviscensio
Capito wallacei,,Capito wallacei,Capito wallacei
Chalcostigma herrani,,Chalcostigma herrani,Chalcostigma herrani
Chiroxiphia boliviana,,Chiroxiphia boliviana,Chiroxiphia boliviana
Cinclodes albidiventris,,Cinclodes albidiventris,Cinclodes albidiventris
Cinclodes aricomae,,Cinclodes aricomae,Cinclodes aricomae
Conopophaga ardesiaca,,Conopophaga ardesiaca,Conopophaga ardesiaca
Contopus cinereus,,Contopus cinereus,Contopus cinereus
Cranioleuca albicapilla,,Cranioleuca albicapilla,Cranioleuca albicapilla
Diuca speculifera,,Diuca speculifera,Diuca speculifera
Drymophila striaticeps,,Drymophila caudata,Drymophila caudata
Elaenia chiriquensis,,Elaenia chiriquensis,Elaenia chiriquensis
Epinecrophylla spodionota,,Epinecrophylla spodionota,Epinecrophylla spodionota
Eriocnemis aline,,Eriocnemis alinae,Eriocnemis alinae
Geocerthia serrana,,Upucerthia serrana,Upucerthia serrana
Geothlypis aequinoctialis,,Geothlypis aequinoctialis,Geothlypis aequinoctialis
Haplophaedia aureliae,,Haplophaedia aureliae,Haplophaedia aureliae
Heliangelus viola,,Heliangelus viola,Heliangelus viola
Hemispingus atropileus,,Hemispingus atropileus,Hemispingus atropileus
Hemitriccus margaritaceiventer,,Hemitriccus margaritaceiventer,Hemitriccus margaritaceiventer
Herpsilochmus axillaris,,Herpsilochmus axillaris,Herpsilochmus axillaris
Idiopsar brachyurus,,Idiopsar brachyurus,Idiopsar brachyurus
Knipolegus poecilocercus,,Knipolegus poecilocercus,Knipolegus poecilocercus
Laniisoma elegans,,Laniisoma elegans,Laniisoma elegans
Leptasthenura pileata,,Leptasthenura pileata,Leptasthenura pileata
Leptasthenura xenothorax,,Leptasthenura xenothorax,Leptasthenura xenothorax
Leptasthenura yanacensis,,Leptasthenura yanacensis,Leptasthenura yanacensis
Leptosittaca branickii,,Leptosittaca branickii,Leptosittaca branickii
Metallura eupogon,,Metallura eupogon,Metallura eupogon
,Tangara fulvicervix,Tangara ruficervix,Tangara fulvicervix
Myiothlypis chrysogaster,,Basileuterus chrysogaster,Basileuterus chrysogaster
Nothoprocta taczanowskii,,Nothoprocta taczanowskii,Nothoprocta taczanowskii
Ochthoeca diadema,,Ochthoeca diadema,Ochthoeca diadema
Pachyramphus viridis,,Pachyramphus viridis,Pachyramphus viridis
Phacellodomus striaticeps,,Phacellodomus striaticeps,Phacellodomus striaticeps
Pheugopedius eisenmanni,,Thryothorus eisenmanni,Thryothorus eisenmanni
Phyllomyias sclateri,,Phyllomyias sclateri,Phyllomyias sclateri
Piezorhina cinerea,,Piezorhina cinerea,Piezorhina cinerea
,Tangara atrocoerulea,Tangara vassorii,Tangara atrocoerulea
Pipreola chlorolepidota,,Pipreola chlorolepidota,Pipreola chlorolepidota
Piranga flava,,Piranga flava,Piranga flava
Poecilotriccus luluae,,Poecilotriccus luluae,Poecilotriccus luluae
Poospiza alticola,,Poospiza alticola,Poospiza alticola
Poospiza caesar,,Poospiza caesar,Poospiza caesar
Scytalopus simonsi,,Scytalopus simonsi,Scytalopus simonsi
Scytalopus unicolor,,Scytalopus unicolor,Scytalopus unicolor
Sicalis olivascens,,Sicalis olivascens,Sicalis olivascens
Snowornis subalaris,,Snowornis subalaris,Snowornis subalaris
Spinus crassirostris,,Carduelis crassirostris,Carduelis crassirostris
Spinus uropygialis,,Carduelis uropygialis,Carduelis uropygialis
Synallaxis cherriei,,Synallaxis cherriei,Synallaxis cherriei
Synallaxis courseni,,Synallaxis courseni,Synallaxis courseni
Synallaxis stictothorax,,Synallaxis stictothorax,Synallaxis stictothorax
Synallaxis zimmeri,,Synallaxis zimmeri,Synallaxis zimmeri
Tangara punctata,,Tangara punctata,Tangara punctata
Thamnomanes caesius,,Thamnomanes caesius,Thamnomanes caesius
Thamnophilus ruficapillus,,Thamnophilus ruficapillus,Thamnophilus ruficapillus
Trogon ramonianus,,Trogon caligatus,Trogon caligatus
Tumbezia salvini,,Tumbezia salvini,Tumbezia salvini
Turdus reevei,,Turdus reevei,Turdus reevei
Veniliornis nigriceps,,Veniliornis nigriceps,Veniliornis nigriceps